client_id,client_type,first_name,last_name,date_of_birth,gender,country,region,acquisition_purpose,satisfaction_score,loan_applied,referral_channel,property_count,total_purchase_value,average_property_price,age_at_first_transaction,cluster,cluster_3,cluster_name
C0001,Individual,Kareem,Liu,1968-11-05,F,USA,California,Home,4,Yes,Website,4,1246764.72,311691.18,55,2,2,Lower-Value Property Buyers
C0002,Individual,Trystan,Oconnor,1962-11-26,M,USA,California,Home,1,No,Website,5,1841095.9300000002,368219.18600000005,61,1,1,Higher-Value Property Buyers
C0003,Individual,Kale,Gay,1959-07-04,M,USA,California,Home,4,Yes,Agency,5,1661457.5899999999,332291.518,65,1,1,Higher-Value Property Buyers
C0004,Individual,Russell,Gross,1959-11-25,M,USA,California,Home,5,No,Website,6,1608263.51,268043.91833333333,64,0,0,High-Volume Multi-Property Buyers
C0005,Company,Marleez,Co,1976-02-28,M,USA,California,Investment,5,No,Website,13,3653385.38,281029.64461538463,48,0,0,High-Volume Multi-Property Buyers
C0006,Individual,Yurem,Wright,1957-06-03,M,USA,California,Home,3,Yes,Website,5,1514131.06,302826.212,67,1,1,Higher-Value Property Buyers
C0007,Individual,Xavier,Faulkner,1947-05-24,M,Canada,Quebec,Investment,5,No,Website,11,3251147.83,295558.8936363636,77,0,0,High-Volume Multi-Property Buyers
C0008,Individual,Kayden,Olsen,1969-10-17,F,USA,California,Home,5,No,Website,5,1476730.4100000001,295346.08200000005,54,1,1,Higher-Value Property Buyers
C0009,Individual,Joaquin,Mullins,1975-05-10,M,USA,California,Investment,5,No,Agency,5,1820832.35,364166.47000000003,49,1,1,Higher-Value Property Buyers
C0010,Individual,Nicolas,Navarro,1966-06-17,M,USA,Oregon,Investment,3,No,Agency,5,1732434.0,346486.8,58,1,1,Higher-Value Property Buyers
C0011,Individual,Laci,Guerra,1956-06-17,F,USA,California,Home,2,Yes,Website,5,1325211.52,265042.304,68,2,2,Lower-Value Property Buyers
C0012,Company,Kylax,Co,1975-04-25,M,USA,California,Investment,5,No,Website,4,1599526.4,399881.6,49,1,1,Higher-Value Property Buyers
C0013,Individual,Harley,Lucero,1962-10-08,M,USA,California,Home,1,Yes,Website,5,2142750.89,428550.178,61,1,1,Higher-Value Property Buyers
C0014,Company,Esther,Co,1980-10-07,M,USA,California,Home,3,Yes,Website,4,1548140.0699999998,387035.01749999996,43,1,1,Higher-Value Property Buyers
C0015,Individual,Jaylynn,Hickman,1941-08-19,F,USA,California,Home,5,No,Client,5,1585907.37,317181.47400000005,82,1,1,Higher-Value Property Buyers
C0016,Individual,Olivia,Oconnell,1939-03-09,F,USA,California,Investment,5,No,Website,4,1010217.73,252554.4325,85,2,2,Lower-Value Property Buyers
C0017,Individual,Antonio,Porter,1977-08-01,M,USA,Arizona,Home,3,No,Client,5,1778693.75,355738.75,46,1,1,Higher-Value Property Buyers
C0018,Individual,Luke,Lynn,1967-07-02,M,USA,California,Home,2,Yes,Agency,4,1061478.67,265369.6675,57,2,2,Lower-Value Property Buyers
C0019,Individual,Anahi,Curry,1957-09-09,M,USA,California,Home,5,Yes,Client,4,1773474.26,443368.565,66,1,1,Higher-Value Property Buyers
C0020,Individual,Camille,Sharp,1967-10-17,F,USA,California,Home,5,No,Website,4,1508032.25,377008.0625,56,1,1,Higher-Value Property Buyers
C0021,Individual,Jesus,Obrien,1938-09-06,M,USA,Oregon,Investment,3,No,Website,6,1928172.72,321362.12,85,0,0,High-Volume Multi-Property Buyers
C0022,Individual,Araceli,Nelson,1966-09-14,M,Germany,Berlin,Investment,5,No,Agency,4,1372403.2,343100.8,58,1,1,Higher-Value Property Buyers
C0023,Individual,Cole,Taylor,1958-06-12,M,USA,California,Home,3,Yes,Website,5,1457871.69,291574.338,66,2,2,Lower-Value Property Buyers
C0024,Individual,Alonso,Terrell,1963-05-11,M,USA,California,Investment,4,No,Website,6,1884156.9000000001,314026.15,61,0,0,High-Volume Multi-Property Buyers
C0025,Individual,Rodolfo,Gibson,1937-01-20,M,USA,Nevada,Home,2,Yes,Website,5,1694448.83,338889.766,87,1,1,Higher-Value Property Buyers
C0026,Individual,Joseph,Reeves,1962-09-23,M,USA,California,Investment,5,No,Website,10,2932241.75,293224.175,61,0,0,High-Volume Multi-Property Buyers
C0027,Individual,Grant,Weber,1968-08-09,M,USA,California,Home,5,Yes,Website,5,1517969.44,303593.888,55,1,1,Higher-Value Property Buyers
C0028,Individual,Ava,Phelps,1958-04-15,F,USA,California,Home,3,No,Client,5,1791082.79,358216.558,66,1,1,Higher-Value Property Buyers
C0029,Individual,Kyla,Walker,1976-02-26,F,USA,Colorado,Home,4,Yes,Agency,4,1247795.31,311948.8275,48,2,2,Lower-Value Property Buyers
C0030,Individual,Alanna,Hess,1952-06-19,F,USA,Nevada,Home,3,No,Website,4,1547311.29,386827.8225,72,1,1,Higher-Value Property Buyers
C0031,Individual,Skylar,Buchanan,1977-12-25,M,USA,Nevada,Home,4,Yes,Website,5,1077148.21,215429.642,46,2,2,Lower-Value Property Buyers
C0032,Individual,Rodrigo,Robinson,1966-11-08,M,USA,California,Home,4,No,Website,5,1888995.1600000001,377799.032,57,1,1,Higher-Value Property Buyers
C0033,Individual,Lydia,Tate,1968-08-14,F,USA,California,Home,3,Yes,Website,4,1404998.67,351249.6675,55,1,1,Higher-Value Property Buyers
C0034,Individual,Lauryn,Patrick,1969-10-30,F,Belgium,Brussels,Home,2,No,Agency,5,1632608.66,326521.73199999996,54,1,1,Higher-Value Property Buyers
C0035,Individual,Diego,Mendez,1965-12-05,M,Mexico,Mexico City,Home,3,No,Agency,5,1987876.4,397575.27999999997,58,1,1,Higher-Value Property Buyers
C0036,Individual,Victor,Jensen,1973-01-09,M,USA,California,Home,4,No,Website,4,1173683.53,293420.8825,51,2,2,Lower-Value Property Buyers
C0037,Individual,Scarlet,Hendricks,1962-01-20,F,USA,California,Home,5,Yes,Website,5,1607228.75,321445.75,62,1,1,Higher-Value Property Buyers
C0038,Individual,Janelle,Espinoza,1974-12-25,F,USA,California,Investment,4,No,Client,4,1175129.27,293782.3175,49,2,2,Lower-Value Property Buyers
C0039,Individual,Aleksandra,Karenina,1967-06-13,F,Russia,Krasnodar Krai,Home,1,No,Agency,4,1858527.54,464631.885,57,1,1,Higher-Value Property Buyers
C0040,Individual,Conner,Huff,1975-03-22,M,USA,Nevada,Home,5,No,Website,6,1854608.29,309101.38166666665,49,0,0,High-Volume Multi-Property Buyers
C0041,Individual,Zain,Horne,1967-04-13,M,USA,Arizona,Home,1,Yes,Website,5,1374460.79,274892.158,57,2,2,Lower-Value Property Buyers
C0042,Individual,Maia,Chandler,1975-12-08,F,USA,Utah,Home,1,Yes,Website,4,1101390.25,275347.5625,48,2,2,Lower-Value Property Buyers
C0043,Individual,Jordyn,Park,1965-04-04,M,USA,Nevada,Investment,3,Yes,Website,4,1126492.46,281623.115,59,2,2,Lower-Value Property Buyers
C0044,Individual,Diana,Hunt,1931-02-13,F,USA,Arizona,Home,3,No,Website,4,1330493.26,332623.315,93,2,2,Lower-Value Property Buyers
C0045,Individual,Kevin,Mata,1968-12-10,M,USA,Colorado,Investment,2,No,Agency,5,1463432.3599999999,292686.47199999995,55,2,2,Lower-Value Property Buyers
C0046,Individual,Brisa,Mckee,1964-09-24,F,USA,California,Home,5,No,Client,8,2026517.4,253314.675,59,0,0,High-Volume Multi-Property Buyers
C0047,Individual,Mason,Gilbert,1970-07-31,M,USA,Colorado,Home,2,No,Agency,5,1438239.28,287647.856,53,2,2,Lower-Value Property Buyers
C0048,Individual,Derick,Li,1957-03-20,M,USA,California,Home,3,Yes,Agency,4,1338718.0,334679.5,67,1,1,Higher-Value Property Buyers
C0049,Individual,Jace,Riggs,1971-08-20,F,USA,California,Home,1,No,Website,4,1390091.2,347522.8,52,1,1,Higher-Value Property Buyers
C0050,Individual,Jair,Johns,1940-05-03,M,USA,California,Home,5,No,Website,9,2744452.35,304939.15,84,0,0,High-Volume Multi-Property Buyers
C0051,Individual,Matilda,Madden,1941-03-03,F,USA,Colorado,Home,3,No,Agency,4,1270440.42,317610.105,83,2,2,Lower-Value Property Buyers
C0052,Individual,Myla,Ewing,1967-03-02,F,USA,Oregon,Investment,2,No,Client,4,1474211.53,368552.8825,57,1,1,Higher-Value Property Buyers
C0053,Individual,Miguel,Walter,1954-07-01,M,USA,Arizona,Home,4,No,Agency,4,1120539.44,280134.86,70,2,2,Lower-Value Property Buyers
C0054,Company,Bridger CAL,Co,1967-02-15,M,USA,Nevada,Investment,5,No,Website,6,2109277.6,351546.26666666666,57,0,0,High-Volume Multi-Property Buyers
C0055,Individual,Mara,Franco,1973-07-06,F,USA,California,Home,5,Yes,Agency,4,1178979.21,294744.8025,50,2,2,Lower-Value Property Buyers
C0056,Individual,Erik,Mora,1964-07-12,M,USA,Oregon,Investment,5,No,Agency,4,1579301.3599999999,394825.33999999997,59,1,1,Higher-Value Property Buyers
C0057,Individual,Henry,Kennedy,1933-08-06,M,USA,California,Home,4,Yes,Agency,5,2020519.52,404103.904,90,1,1,Higher-Value Property Buyers
C0058,Company,Kenyon,Co,1969-03-05,F,USA,California,Investment,1,Yes,Website,5,1441406.17,288281.234,55,2,2,Lower-Value Property Buyers
C0059,Individual,Oswaldo,Palmer,1960-06-16,M,USA,California,Home,2,No,Website,4,1278854.25,319713.5625,64,2,2,Lower-Value Property Buyers
C0060,Individual,Kassidy,Vega,1972-07-05,F,USA,California,Home,5,No,Website,4,1355662.25,338915.5625,51,1,1,Higher-Value Property Buyers
C0061,Individual,Morgan,Glass,1967-12-05,M,USA,Utah,Home,5,No,Agency,4,1306907.58,326726.895,56,1,1,Higher-Value Property Buyers
C0062,Individual,Tyler,Carr,1974-03-27,M,USA,California,Home,5,Yes,Client,5,1489333.49,297866.698,50,1,1,Higher-Value Property Buyers
C0063,Individual,Yesenia,Marquez,1942-07-23,F,USA,Arizona,Home,4,No,Website,5,1625480.88,325096.176,81,1,1,Higher-Value Property Buyers
C0064,Individual,Gordon,Brown,1974-10-02,M,UK,Northern Ireland,Investment,4,No,Agency,4,1448881.28,362220.32,49,1,1,Higher-Value Property Buyers
C0065,Individual,Rodrigo,Ramirez,1972-03-26,M,USA,California,Home,1,No,Agency,4,1557125.73,389281.4325,53,1,1,Higher-Value Property Buyers
C0066,Individual,Melanie,Holland,1974-12-25,F,USA,California,Investment,3,No,Client,4,1107164.17,276791.0425,49,2,2,Lower-Value Property Buyers
C0067,Individual,Enrique,Cardenas,1977-10-06,M,USA,California,Home,2,No,Website,5,1431941.84,286388.368,46,2,2,Lower-Value Property Buyers
C0068,Individual,Helen,Williamson,1966-02-26,F,USA,Colorado,Home,5,Yes,Agency,4,1572779.33,393194.8325,58,1,1,Higher-Value Property Buyers
C0069,Individual,Isis,Rios,1970-01-04,M,USA,California,Investment,4,No,Website,5,1439142.47,287828.494,54,2,2,Lower-Value Property Buyers
C0070,Individual,Kayley,Nielsen,1947-04-27,F,USA,Arizona,Home,4,Yes,Website,5,1521570.62,304314.124,77,1,1,Higher-Value Property Buyers
C0071,Individual,Donavan,Flowers,1985-12-27,M,USA,California,Home,1,Yes,Client,5,1150384.09,230076.81800000003,38,2,2,Lower-Value Property Buyers
C0072,Individual,Augustus,Hinton,1953-03-02,M,USA,Nevada,Investment,2,No,Website,6,2246488.58,374414.76333333337,71,0,0,High-Volume Multi-Property Buyers
C0073,Individual,Alejandra,Greer,1965-11-01,F,Denmark,Capital Region,Investment,1,No,Agency,4,1413902.33,353475.5825,58,1,1,Higher-Value Property Buyers
C0074,Individual,Violet,Nixon,1959-01-01,F,USA,Oregon,Investment,5,No,Client,5,1709458.65,341891.73,65,1,1,Higher-Value Property Buyers
C0075,Individual,Jaelyn,Berger,1970-05-05,F,USA,California,Home,3,No,Website,4,1269395.74,317348.935,54,2,2,Lower-Value Property Buyers
C0076,Individual,Tristian,Fuller,1956-03-13,M,USA,California,Home,5,No,Agency,6,1905852.0899999999,317642.01499999996,68,0,0,High-Volume Multi-Property Buyers
C0077,Individual,Christian,Costa,1980-09-14,M,USA,California,Home,5,No,Website,5,1880012.18,376002.436,43,1,1,Higher-Value Property Buyers
C0078,Individual,Nora,Lynch,1948-04-23,F,USA,California,Home,5,No,Website,4,1685882.3900000001,421470.59750000003,76,1,1,Higher-Value Property Buyers
C0079,Individual,Dangelo,Shea,1954-02-27,M,Belgium,Brussels,Investment,4,No,Website,4,1456436.3,364109.075,70,1,1,Higher-Value Property Buyers
C0080,Individual,Aiyana,Christensen,1949-01-16,F,USA,California,Investment,3,No,Website,5,1427531.56,285506.31200000003,75,2,2,Lower-Value Property Buyers
C0081,Individual,Sidney,Cline,1943-07-24,F,USA,California,Home,4,Yes,Website,4,1522144.26,380536.065,80,1,1,Higher-Value Property Buyers
C0082,Individual,Kaitlin,Owen,1981-12-26,F,USA,Virginia,Investment,5,No,Client,5,1282267.95,256453.59,42,2,2,Lower-Value Property Buyers
C0083,Individual,Issac,Edwards,1938-10-29,M,USA,California,Home,5,No,Website,6,1513641.46,252273.57666666666,85,0,0,High-Volume Multi-Property Buyers
C0084,Individual,Zaiden,Merritt,1948-02-23,M,USA,Wyoming,Home,3,No,Agency,5,1762231.92,352446.38399999996,76,1,1,Higher-Value Property Buyers
C0085,Individual,Iris,Larsen,1966-09-14,M,USA,California,Home,4,Yes,Agency,4,1185505.46,296376.365,57,2,2,Lower-Value Property Buyers
C0086,Individual,Grace,Stein,1968-12-20,F,USA,California,Home,3,Yes,Website,5,1928188.6099999999,385637.72199999995,55,1,1,Higher-Value Property Buyers
C0087,Individual,Alessandra,Perry,1979-05-15,F,USA,California,Home,4,No,Agency,4,1681153.28,420288.32,45,1,1,Higher-Value Property Buyers
C0088,Individual,Jamal,Mueller,1936-08-13,M,USA,Oregon,Investment,2,No,Website,6,1450519.57,241753.2616666667,87,0,0,High-Volume Multi-Property Buyers
C0089,Individual,Irvin,Ellis,1949-11-14,M,USA,California,Home,3,No,Agency,4,1041853.81,260463.4525,74,2,2,Lower-Value Property Buyers
C0090,Individual,Terry,Forbes,1982-05-27,M,USA,California,Home,5,No,Client,5,980850.4199999999,196170.08399999997,42,2,2,Lower-Value Property Buyers
C0091,Individual,Jacqueline,Grant,1959-11-13,F,USA,California,Home,4,No,Website,4,1356644.74,339161.185,64,1,1,Higher-Value Property Buyers
C0092,Individual,Brock,Fischer,1971-05-29,M,USA,Kansas,Home,3,No,Website,8,2817926.96,352240.87,53,0,0,High-Volume Multi-Property Buyers
C0093,Individual,Curtis,Howard,1962-11-09,M,USA,California,Home,2,No,Agency,5,1732558.38,346511.676,61,1,1,Higher-Value Property Buyers
C0094,Individual,Avah,Huang,1948-04-23,F,USA,California,Home,5,No,Website,5,1062675.82,212535.16400000002,76,2,2,Lower-Value Property Buyers
C0095,Individual,Frank,Meyer,1964-03-16,M,USA,California,Home,3,Yes,Agency,6,1668973.02,278162.17,60,0,0,High-Volume Multi-Property Buyers
C0096,Individual,Darien,Dorsey,1985-12-27,M,USA,California,Investment,3,Yes,Website,4,1363013.17,340753.2925,38,1,1,Higher-Value Property Buyers
C0097,Individual,Franklin,Mack,1943-06-18,M,USA,Virginia,Home,5,Yes,Website,7,2189906.04,312843.72000000003,81,0,0,High-Volume Multi-Property Buyers
C0098,Individual,Elena,Petrova,1949-06-22,F,Russia,Saint Petersburg,Home,3,Yes,Agency,4,1131592.65,282898.1625,75,2,2,Lower-Value Property Buyers
C0099,Individual,Jack,Hanson,1941-01-12,M,USA,California,Investment,4,No,Website,6,2000308.58,333384.76333333337,83,0,0,High-Volume Multi-Property Buyers
C0100,Individual,Emmett,Estes,1969-05-06,M,USA,California,Home,3,No,Website,4,1449544.65,362386.1625,55,1,1,Higher-Value Property Buyers
C0101,Individual,Aniya,Miller,1951-02-03,F,USA,Nevada,Home,3,No,Website,4,1125013.8,281253.45,73,2,2,Lower-Value Property Buyers
C0102,Individual,Jack,Anderson,1947-02-13,M,USA,California,Investment,5,Yes,Website,9,3403263.85,378140.4277777778,77,0,0,High-Volume Multi-Property Buyers
C0103,Individual,Kael,Hurley,1973-12-15,M,USA,Colorado,Home,3,No,Website,5,1483838.77,296767.754,50,1,1,Higher-Value Property Buyers
C0104,Individual,Kamden,Stewart,1978-09-14,M,USA,California,Home,5,No,Website,5,1677155.01,335431.002,45,1,1,Higher-Value Property Buyers
C0105,Individual,Aniyah,Ali,1959-03-11,F,USA,California,Investment,2,Yes,Website,5,1328084.36,265616.87200000003,65,2,2,Lower-Value Property Buyers
C0106,Individual,Simon,Bennett,1953-09-06,M,USA,Colorado,Home,4,No,Website,4,957679.27,239419.8175,70,2,2,Lower-Value Property Buyers
C0107,Individual,Laurel,Benitez,1959-06-08,M,USA,California,Home,4,Yes,Agency,5,1715058.23,343011.646,65,1,1,Higher-Value Property Buyers
C0108,Individual,Trey,Strong,1958-12-20,M,USA,California,Home,4,No,Agency,6,1998798.72,333133.12,65,0,0,High-Volume Multi-Property Buyers
C0109,Individual,Myah,Roman,1933-05-05,F,USA,California,Investment,5,Yes,Agency,5,1995551.0899999999,399110.218,91,1,1,Higher-Value Property Buyers
C0110,Individual,Nyla,Blake,1959-05-06,F,USA,California,Investment,5,Yes,Agency,5,1205555.46,241111.092,65,2,2,Lower-Value Property Buyers
C0111,Individual,Kole,Shannon,1979-06-27,M,USA,Arizona,Home,2,Yes,Website,4,1198421.22,299605.305,45,2,2,Lower-Value Property Buyers
C0112,Individual,Melany,Glover,1960-01-10,F,USA,California,Investment,1,Yes,Agency,5,1775142.2,355028.44,64,1,1,Higher-Value Property Buyers
C0113,Individual,Arthur,Bray,1949-07-14,M,USA,Utah,Investment,4,No,Agency,4,1414433.46,353608.365,74,1,1,Higher-Value Property Buyers
C0114,Individual,Kamila,Collier,1962-01-21,F,USA,California,Home,1,Yes,Website,4,1124004.05,281001.0125,62,2,2,Lower-Value Property Buyers
C0115,Individual,Amanda,Simon,1978-03-12,F,USA,California,Home,5,No,Agency,5,1757354.59,351470.918,46,1,1,Higher-Value Property Buyers
C0116,Individual,Erika,Steward,1955-07-08,F,USA,California,Investment,4,No,Website,8,2484590.08,310573.76,68,0,0,High-Volume Multi-Property Buyers
C0117,Individual,Jakobe,Bailey,1964-06-10,M,UK,Scotland,Investment,4,No,Agency,8,2884556.25,360569.53125,60,0,0,High-Volume Multi-Property Buyers
C0118,Individual,Sonia,Choi,1948-09-11,F,USA,Oregon,Investment,5,No,Agency,4,1218377.19,304594.2975,75,2,2,Lower-Value Property Buyers
C0119,Individual,Erika,Gallagher,1942-07-19,F,USA,California,Home,1,Yes,Website,4,1603043.92,400760.98,81,1,1,Higher-Value Property Buyers
C0120,Individual,Madeline,Michael,1953-07-30,F,USA,California,Home,4,Yes,Website,5,1753587.39,350717.478,70,1,1,Higher-Value Property Buyers
C0121,Individual,Bennett,Chen,1950-07-18,M,USA,Nevada,Home,2,No,Website,5,1169150.31,233830.062,73,2,2,Lower-Value Property Buyers
C0122,Individual,Belinda,Hogan,1973-08-18,F,USA,California,Home,1,Yes,Agency,4,1412560.68,353140.17,50,1,1,Higher-Value Property Buyers
C0123,Individual,Johanna,Fisher,1962-08-25,F,USA,California,Home,4,Yes,Website,5,1821348.69,364269.738,61,1,1,Higher-Value Property Buyers
C0124,Individual,Jaylen,Turner,1963-07-15,F,USA,California,Home,4,No,Agency,5,1613985.08,322797.016,60,1,1,Higher-Value Property Buyers
C0125,Individual,Michael,Juarez,1976-12-25,M,USA,Colorado,Home,4,Yes,Agency,4,1341108.25,335277.0625,47,1,1,Higher-Value Property Buyers
C0126,Individual,Adriana,Shaffer,1972-11-07,F,USA,California,Investment,2,No,Agency,5,1319929.46,263985.892,51,2,2,Lower-Value Property Buyers
C0127,Individual,Julio,Leonard,1974-07-18,M,USA,Nevada,Home,2,Yes,Website,4,967474.23,241868.5575,49,2,2,Lower-Value Property Buyers
C0128,Company,Abdiel,Co,1963-05-22,M,USA,Nevada,Investment,5,Yes,Website,5,1639392.9500000002,327878.59,61,1,1,Higher-Value Property Buyers
C0129,Individual,Warren,Pugh,1973-07-17,M,USA,Arizona,Investment,5,No,Website,4,1748372.75,437093.1875,50,1,1,Higher-Value Property Buyers
C0130,Individual,Luis,Crane,1959-04-20,M,USA,Nevada,Home,3,Yes,Website,4,1488042.88,372010.72,65,1,1,Higher-Value Property Buyers
C0131,Individual,Mohammad,Irwin,1971-02-12,M,USA,California,Home,1,No,Website,5,1428058.5499999998,285611.70999999996,53,2,2,Lower-Value Property Buyers
C0132,Individual,Davion,Stout,1965-07-20,M,USA,Nevada,Home,1,Yes,Agency,4,1203775.04,300943.76,58,2,2,Lower-Value Property Buyers
C0133,Individual,Logan,Simmons,1946-09-14,M,USA,California,Investment,4,No,Agency,4,1449799.93,362449.9825,77,1,1,Higher-Value Property Buyers
C0134,Individual,Kaylin,Villarreal,1932-06-13,F,Russia,Novosibirsk,Investment,3,No,Website,5,1761669.8699999999,352333.974,92,1,1,Higher-Value Property Buyers
C0135,Individual,Ruben,Melton,1939-05-03,M,USA,Utah,Investment,2,No,Agency,4,1221442.92,305360.73,85,2,2,Lower-Value Property Buyers
C0136,Individual,Gianni,Fritz,1973-09-15,M,USA,California,Home,3,No,Website,5,1892554.72,378510.944,51,1,1,Higher-Value Property Buyers
C0137,Individual,Emilie,Morrison,1957-10-29,F,USA,California,Home,3,Yes,Website,4,989750.45,247437.6125,66,2,2,Lower-Value Property Buyers
C0138,Individual,Crystal,Wyatt,1939-06-30,F,USA,Oregon,Investment,3,Yes,Website,5,1367824.55,273564.91000000003,85,2,2,Lower-Value Property Buyers
C0139,Individual,Annabel,Robles,1969-10-14,F,USA,California,Home,5,Yes,Website,5,1807366.3,361473.26,54,1,1,Higher-Value Property Buyers
C0140,Individual,Rachel,Cross,1952-06-18,F,USA,California,Home,3,No,Website,5,1559561.53,311912.306,72,1,1,Higher-Value Property Buyers
C0141,Individual,Madalyn,Mercer,1986-06-21,F,USA,California,Home,5,No,Website,5,1765019.09,353003.818,38,1,1,Higher-Value Property Buyers
C0142,Individual,Michelle,Cameron,1978-04-06,F,USA,Nevada,Home,3,Yes,Website,5,1673770.19,334754.038,46,1,1,Higher-Value Property Buyers
C0143,Individual,Ezra,Lozano,1958-02-24,M,USA,California,Home,1,No,Website,8,2389960.3,298745.0375,66,0,0,High-Volume Multi-Property Buyers
C0144,Individual,Ramiro,Oneill,1954-09-29,M,USA,California,Home,4,No,Agency,5,1897739.74,379547.948,69,1,1,Higher-Value Property Buyers
C0145,Individual,Emely,Watts,1964-11-30,F,USA,California,Home,4,No,Website,5,1746571.55,349314.31,59,1,1,Higher-Value Property Buyers
C0146,Individual,Hazel,Ayers,1963-01-02,M,USA,Colorado,Home,2,No,Website,4,1481536.3900000001,370384.09750000003,61,1,1,Higher-Value Property Buyers
C0147,Individual,Cedric,Goodwin,1948-02-20,M,USA,Utah,Home,4,No,Client,5,1398309.27,279661.854,76,2,2,Lower-Value Property Buyers
C0148,Individual,Dayton,Hatfield,1969-04-19,M,USA,Colorado,Investment,4,Yes,Agency,4,1700383.7,425095.925,55,1,1,Higher-Value Property Buyers
C0149,Individual,Piotr,Aleksandrov,1955-02-12,M,Russia,Krasnodar Krai,Investment,3,No,Agency,4,1049009.0,262252.25,69,2,2,Lower-Value Property Buyers
C0150,Individual,Memphis,Mcconnell,1968-08-25,M,USA,California,Home,2,Yes,Website,4,1846066.58,461516.645,55,1,1,Higher-Value Property Buyers
C0151,Individual,Arabella,Ferrell,1976-08-17,F,USA,Oregon,Home,1,No,Agency,5,1589086.32,317817.264,47,1,1,Higher-Value Property Buyers
C0152,Individual,Sincere,Hansen,1967-01-19,F,USA,California,Investment,2,Yes,Agency,7,2539205.93,362743.7042857143,57,0,0,High-Volume Multi-Property Buyers
C0153,Individual,Lara,Carrillo,1983-02-24,F,USA,California,Home,5,No,Website,5,1560375.26,312075.052,41,1,1,Higher-Value Property Buyers
C0154,Individual,Valentina,Simpson,1965-01-24,F,USA,California,Home,4,Yes,Agency,5,2142457.31,428491.462,59,1,1,Higher-Value Property Buyers
C0155,Company,Kamd,Co,1975-08-18,M,USA,California,Investment,5,No,Agency,5,1622885.53,324577.106,48,1,1,Higher-Value Property Buyers
C0156,Individual,Case,Sanchez,1966-05-26,F,USA,California,Home,5,No,Website,4,1344903.47,336225.8675,58,1,1,Higher-Value Property Buyers
C0157,Individual,Van,Charles,1952-05-15,M,USA,Colorado,Home,2,Yes,Client,4,1060400.03,265100.0075,72,2,2,Lower-Value Property Buyers
C0158,Individual,Emmy,Singh,1979-03-12,F,USA,Virginia,Investment,3,Yes,Agency,4,1439477.66,359869.415,45,1,1,Higher-Value Property Buyers
C0159,Individual,Colin,Campos,1942-04-14,M,USA,California,Home,3,No,Website,4,1596507.45,399126.8625,82,1,1,Higher-Value Property Buyers
C0160,Individual,Anya,Stephenson,1959-11-06,F,USA,California,Home,4,No,Website,5,1679716.96,335943.392,64,1,1,Higher-Value Property Buyers
C0161,Individual,Parker,Poole,1951-10-11,M,USA,California,Home,5,No,Website,9,2534264.26,281584.91777777777,72,0,0,High-Volume Multi-Property Buyers
C0162,Individual,Ivan,Bright,1953-09-15,M,USA,California,Home,4,No,Website,4,1135363.52,283840.88,70,2,2,Lower-Value Property Buyers
C0163,Individual,Larry,Turner,1986-03-24,M,USA,Utah,Investment,5,Yes,Agency,4,1506594.21,376648.5525,39,1,1,Higher-Value Property Buyers
C0164,Individual,Matthew,Nelson,1986-09-20,M,USA,Arizona,Home,5,No,Website,4,1436152.54,359038.135,37,1,1,Higher-Value Property Buyers
C0165,Individual,Mary,Hall,1956-11-07,F,USA,California,Home,3,Yes,Website,3,1276849.33,425616.44333333336,67,1,1,Higher-Value Property Buyers
C0166,Individual,Carolyn,Weaver,1984-01-24,F,USA,Arizona,Home,4,Yes,Agency,4,1273643.37,318410.8425,40,2,2,Lower-Value Property Buyers
C0167,Individual,Grace,Green,1955-02-02,F,UK,Scotland,Home,3,Yes,Website,7,2749577.33,392796.7614285714,69,0,0,High-Volume Multi-Property Buyers
C0168,Individual,Pamela,Sanders,1960-06-06,F,USA,Nevada,Home,3,No,Agency,4,1491785.87,372946.4675,64,1,1,Higher-Value Property Buyers
C0169,Individual,Terry,Turner,1990-08-13,M,USA,Ohio,Investment,5,Yes,Agency,3,688864.2,229621.4,33,2,2,Lower-Value Property Buyers
C0170,Individual,Jacob,Jones,1949-06-13,M,USA,California,Home,5,No,Website,3,1161316.17,387105.38999999996,75,1,1,Higher-Value Property Buyers
C0171,Individual,Julie,Sanders,1991-05-05,F,USA,Washington,Investment,5,Yes,Client,4,1278753.71,319688.4275,33,2,2,Lower-Value Property Buyers
C0172,Individual,Catherine,Carter,1992-09-16,F,USA,Washington,Home,1,Yes,Agency,4,1681471.9100000001,420367.97750000004,31,1,1,Higher-Value Property Buyers
C0173,Individual,Amber,Wilson,1976-07-20,F,USA,Arizona,Home,5,Yes,Agency,8,2619968.43,327496.05375,47,0,0,High-Volume Multi-Property Buyers
C0174,Individual,Rachel,Harris,1982-06-07,F,USA,California,Investment,3,No,Client,3,865359.73,288453.24333333335,42,2,2,Lower-Value Property Buyers
C0175,Individual,Brandon,Alexander,1962-05-04,M,USA,Washington,Home,5,No,Agency,4,1606138.1199999999,401534.52999999997,62,1,1,Higher-Value Property Buyers
C0176,Individual,Hannah,Williams,1993-06-27,F,USA,California,Home,2,No,Website,6,2681927.91,446987.98500000004,31,0,0,High-Volume Multi-Property Buyers
C0177,Individual,Sarah,Hansen,1951-05-03,F,UK,England,Home,5,Yes,Website,7,2269897.21,324271.02999999997,73,0,0,High-Volume Multi-Property Buyers
C0178,Individual,Laura,Chavez,1952-12-23,F,USA,Virginia,Home,4,No,Agency,7,2665917.96,380845.42285714287,71,0,0,High-Volume Multi-Property Buyers
C0179,Individual,Ashley,Turner,1986-11-02,F,USA,Oregon,Investment,2,No,Website,8,2131372.11,266421.51375,37,0,0,High-Volume Multi-Property Buyers
C0180,Individual,Jacob,Wilson,1943-01-28,M,USA,California,Home,2,Yes,Agency,7,2660292.37,380041.76714285713,81,0,0,High-Volume Multi-Property Buyers
C0181,Individual,Lawrence,Peterson,1970-04-26,M,USA,Texas,Home,2,Yes,Website,7,2047189.62,292455.66000000003,54,0,0,High-Volume Multi-Property Buyers
C0182,Individual,Virginia,Bennett,1971-02-12,F,Germany,North Rhine-Westphalia,Investment,1,Yes,Website,8,3082362.35,385295.29375,53,0,0,High-Volume Multi-Property Buyers
C0183,Individual,Nicholas,Green,1988-09-15,M,USA,Nevada,Home,3,No,Website,7,1883106.92,269015.27428571426,35,0,0,High-Volume Multi-Property Buyers
C0184,Individual,Peter,Pierce,1994-01-21,M,USA,Florida,Home,1,No,Website,6,2618938.16,436489.69333333336,30,0,0,High-Volume Multi-Property Buyers
C0185,Individual,Andrea,Nelson,1945-02-07,F,USA,Nevada,Home,4,Yes,Agency,7,2491911.81,355987.40142857144,79,0,0,High-Volume Multi-Property Buyers
C0186,Individual,Carol,Green,1982-02-04,F,USA,Virginia,Home,1,No,Website,8,2674286.63,334285.82875,42,0,0,High-Volume Multi-Property Buyers
C0187,Individual,Cheryl,Kim,1990-01-17,F,USA,Florida,Home,1,No,Website,6,2066651.1400000001,344441.8566666667,34,0,0,High-Volume Multi-Property Buyers
C0188,Individual,Jose,Martin,1940-08-10,M,USA,Oregon,Home,5,Yes,Website,7,2891447.6,413063.9428571429,83,0,0,High-Volume Multi-Property Buyers
C0189,Individual,Anna,Adams,1958-11-12,F,USA,California,Home,2,No,Agency,7,2209659.42,315665.6314285714,65,0,0,High-Volume Multi-Property Buyers
C0190,Individual,Karen,Johnson,1971-10-19,F,USA,California,Home,2,No,Website,7,2276701.17,325243.02428571426,52,0,0,High-Volume Multi-Property Buyers
C0191,Individual,Sarah,Turner,1977-06-05,F,USA,Florida,Home,3,No,Agency,8,2172926.7600000002,271615.84500000003,47,0,0,High-Volume Multi-Property Buyers
C0192,Individual,Margaret,Moore,1984-04-02,F,Belgium,Brussels,Investment,2,Yes,Website,7,2900509.0999999996,414358.4428571428,40,0,0,High-Volume Multi-Property Buyers
C0193,Individual,Sharon,Campbell,1968-09-08,F,USA,California,Investment,4,Yes,Website,7,1933778.2399999998,276254.03428571427,55,0,0,High-Volume Multi-Property Buyers
C0194,Individual,Jonathan,Hall,1953-08-18,M,France,Ile-de-France,Home,5,Yes,Website,7,2759372.27,394196.03857142857,70,0,0,High-Volume Multi-Property Buyers
C0195,Individual,Sean,Jones,1947-06-19,M,USA,California,Home,2,Yes,Website,7,2102233.85,300319.12142857147,77,0,0,High-Volume Multi-Property Buyers
C0196,Individual,Alexander,Adams,1957-04-22,M,USA,Nevada,Investment,5,No,Agency,6,2611736.44,435289.4066666667,67,0,0,High-Volume Multi-Property Buyers
C0197,Individual,Kevin,Wright,1944-01-07,M,USA,Virginia,Home,4,No,Client,8,2775768.6,346971.075,80,0,0,High-Volume Multi-Property Buyers
C0198,Individual,Michelle,White,1976-01-28,F,USA,California,Home,4,No,Website,8,2399689.67,299961.20875,48,0,0,High-Volume Multi-Property Buyers
C0199,Individual,Ryan,Brown,1958-04-13,M,USA,California,Home,3,No,Agency,7,2582959.87,368994.26714285713,66,0,0,High-Volume Multi-Property Buyers
C0200,Individual,Linda,Harris,1944-06-05,F,USA,California,Home,1,No,Agency,4,1071359.3900000001,267839.84750000003,80,2,2,Lower-Value Property Buyers
C0201,Individual,Lauren,Weaver,1968-02-13,F,USA,California,Home,1,No,Agency,4,1298787.54,324696.885,56,2,2,Lower-Value Property Buyers
C0202,Individual,Jack,Reyes,1996-11-11,M,Canada,British Columbia,Home,1,No,Website,3,1019272.5900000001,339757.53,27,2,2,Lower-Value Property Buyers
C0203,Individual,Christine,Brooks,1956-05-18,F,USA,California,Home,4,No,Client,4,1242478.83,310619.7075,68,2,2,Lower-Value Property Buyers
C0204,Individual,Joyce,Pierce,1947-10-01,F,USA,California,Home,5,No,Agency,3,934432.98,311477.66,76,2,2,Lower-Value Property Buyers
C0205,Individual,Kelly,Nelson,1968-08-26,F,Mexico,Puebla,Home,1,Yes,Agency,3,949224.48,316408.16,55,2,2,Lower-Value Property Buyers
C0206,Individual,Nancy,Roberts,1957-08-05,F,USA,California,Home,1,Yes,Agency,3,853060.9299999999,284353.6433333333,66,2,2,Lower-Value Property Buyers
C0207,Individual,Kyle,Gray,1944-11-19,M,USA,Virginia,Investment,4,No,Website,3,889948.76,296649.58666666667,79,2,2,Lower-Value Property Buyers
C0208,Individual,Mark,James,1986-03-26,M,France,Provence,Home,4,Yes,Agency,4,1199654.38,299913.595,38,2,2,Lower-Value Property Buyers
C0209,Individual,Kyle,Moore,1949-08-22,M,USA,Arizona,Investment,3,No,Agency,4,979868.13,244967.0325,74,2,2,Lower-Value Property Buyers
C0210,Individual,Janice,Price,1943-03-24,F,USA,Colorado,Home,2,No,Website,4,1346156.55,336539.1375,81,2,2,Lower-Value Property Buyers
C0211,Individual,Amy,Evans,1972-02-23,F,USA,California,Home,3,No,Agency,4,1254240.07,313560.0175,52,2,2,Lower-Value Property Buyers
C0212,Individual,Jacob,Wood,1956-03-23,M,USA,California,Home,4,No,Agency,3,1068278.76,356092.92,68,2,2,Lower-Value Property Buyers
C0213,Individual,Jason,Gray,1976-10-23,M,USA,Florida,Investment,5,No,Agency,3,809691.13,269897.04333333333,47,2,2,Lower-Value Property Buyers
C0214,Individual,Helen,Wood,1946-07-18,F,Belgium,Brussels,Investment,5,No,Website,3,1070534.6400000001,356844.88000000006,77,2,2,Lower-Value Property Buyers
C0215,Individual,Lauren,Foster,1999-11-07,F,Germany,Hamburg,Investment,4,No,Website,3,1032856.46,344285.48666666663,24,2,2,Lower-Value Property Buyers
C0216,Individual,Albert,Hansen,1999-07-19,M,USA,Utah,Home,1,No,Website,4,1352642.3399999999,338160.58499999996,24,1,1,Higher-Value Property Buyers
C0217,Individual,Deborah,Miller,1984-11-07,F,USA,Colorado,Home,3,No,Website,4,1238434.91,309608.7275,39,2,2,Lower-Value Property Buyers
C0218,Individual,Shirley,Anderson,1970-01-24,F,USA,California,Home,2,No,Website,3,836639.27,278879.75666666665,54,2,2,Lower-Value Property Buyers
C0219,Individual,William,Turner,1988-01-20,M,USA,California,Home,4,No,Website,4,1267653.57,316913.3925,36,2,2,Lower-Value Property Buyers
C0220,Individual,Walter,Phillips,1951-06-06,M,Canada,Ontario,Investment,1,No,Website,3,1060812.68,353604.2266666666,73,2,2,Lower-Value Property Buyers
C0221,Company,Atlas,Co,1987-05-14,F,USA,California,Home,5,No,Website,4,1377133.5999999999,344283.39999999997,37,1,1,Higher-Value Property Buyers
C0222,Individual,Christopher,Stone,1956-08-11,M,USA,Utah,Investment,3,No,Agency,3,1223560.82,407853.6066666667,67,1,1,Higher-Value Property Buyers
C0223,Individual,Patrick,Hansen,1973-12-11,M,USA,Colorado,Investment,3,Yes,Website,4,969341.87,242335.4675,50,2,2,Lower-Value Property Buyers
C0224,Individual,Nathan,Richardson,1960-08-23,M,USA,Colorado,Home,5,No,Website,3,1189255.63,396418.5433333333,63,1,1,Higher-Value Property Buyers
C0225,Individual,Evelyn,Reyes,1948-12-19,F,USA,California,Home,1,Yes,Agency,4,1120626.94,280156.735,75,2,2,Lower-Value Property Buyers
C0226,Individual,Julia,Jordan,1958-11-07,F,USA,Colorado,Home,2,No,Website,3,1571251.03,523750.3433333333,65,1,1,Higher-Value Property Buyers
C0227,Individual,Rachel,Evans,1944-10-23,F,USA,Arizona,Home,5,Yes,Website,3,942245.37,314081.79,79,2,2,Lower-Value Property Buyers
C0228,Individual,Hannah,Owens,1952-04-23,F,USA,Oregon,Investment,4,No,Website,3,606605.72,202201.90666666665,72,2,2,Lower-Value Property Buyers
C0229,Individual,Jose,Turner,1981-11-19,M,USA,Colorado,Investment,5,No,Website,3,892220.13,297406.71,42,2,2,Lower-Value Property Buyers
C0230,Company,Forsyte,Co,1977-07-22,M,USA,Nevada,Investment,4,Yes,Website,4,1457429.02,364357.255,46,1,1,Higher-Value Property Buyers
C0231,Individual,Ronald,Rogers,1993-12-18,M,Denmark,Central Denmark,Investment,2,Yes,Website,3,729893.08,243297.69333333333,30,2,2,Lower-Value Property Buyers
C0232,Individual,Megan,Kim,1962-04-05,F,USA,California,Home,3,Yes,Website,4,1276710.4900000002,319177.62250000006,62,2,2,Lower-Value Property Buyers
C0233,Individual,Larry,Garcia,1997-10-09,M,France,Provence,Home,4,Yes,Website,4,1105806.54,276451.635,26,2,2,Lower-Value Property Buyers
C0234,Individual,Andrea,Hughes,1979-02-03,F,USA,New York,Home,1,Yes,Website,3,839967.04,279989.01333333337,46,2,2,Lower-Value Property Buyers
C0235,Individual,Kenneth,Allen,1949-10-10,M,USA,California,Home,5,No,Website,4,1268586.58,317146.645,74,2,2,Lower-Value Property Buyers
C0236,Individual,Gerald,Howard,1972-10-08,M,Canada,Manitoba,Home,3,No,Agency,3,1321475.69,440491.89666666667,51,1,1,Higher-Value Property Buyers
C0237,Individual,Jason,Nelson,1984-03-11,M,USA,California,Home,5,Yes,Website,3,1392353.31,464117.77,40,1,1,Higher-Value Property Buyers
C0238,Individual,Amber,Patterson,1982-08-01,F,USA,Virginia,Home,4,Yes,Agency,3,1125732.72,375244.24,41,1,1,Higher-Value Property Buyers
C0239,Individual,Megan,Baker,1973-02-18,F,USA,Oregon,Home,3,Yes,Website,4,1352763.67,338190.9175,51,1,1,Higher-Value Property Buyers
C0240,Individual,Amber,Morales,1942-05-15,F,USA,Colorado,Investment,3,No,Website,3,935028.28,311676.0933333333,82,2,2,Lower-Value Property Buyers
C0241,Individual,Kelly,Anderson,1962-01-14,F,Mexico,Nuevo Leon,Home,5,Yes,Website,3,1025934.71,341978.23666666663,62,2,2,Lower-Value Property Buyers
C0242,Individual,Stephen,Peterson,1998-03-16,M,USA,Utah,Home,3,Yes,Agency,4,1358315.73,339578.9325,26,1,1,Higher-Value Property Buyers
C0243,Individual,Nancy,Patterson,1978-11-07,F,USA,Utah,Home,2,No,Website,4,1382777.8900000001,345694.47250000003,45,1,1,Higher-Value Property Buyers
C0244,Individual,Joyce,Pierce,1998-03-08,F,USA,California,Home,1,No,Website,3,1046652.28,348884.0933333333,27,2,2,Lower-Value Property Buyers
C0245,Individual,Sean,Long,1974-07-01,M,USA,Nevada,Investment,4,No,Agency,3,1354584.5,451528.1666666667,50,1,1,Higher-Value Property Buyers
C0246,Individual,Stephen,Pierce,1992-05-15,M,France,Normandy,Home,1,Yes,Agency,3,1024485.26,341495.08666666667,33,2,2,Lower-Value Property Buyers
C0247,Individual,Kevin,Morris,1965-01-18,M,USA,California,Home,1,No,Website,4,1696540.52,424135.13,59,1,1,Higher-Value Property Buyers
C0248,Individual,Carl,Collins,1968-09-12,M,USA,Florida,Home,4,Yes,Agency,3,1035934.63,345311.54333333333,55,2,2,Lower-Value Property Buyers
C0249,Individual,Stephanie,Montgomery,1968-05-12,F,USA,California,Investment,4,No,Agency,4,1142995.52,285748.88,56,2,2,Lower-Value Property Buyers
C0250,Individual,Justin,Stewart,1947-10-19,M,UK,England,Home,2,No,Agency,3,982306.66,327435.55333333334,76,2,2,Lower-Value Property Buyers
C0251,Individual,Janice,Chavez,1976-11-08,F,USA,Utah,Home,5,No,Website,3,463611.95,154537.31666666668,47,2,2,Lower-Value Property Buyers
C0252,Individual,Elizabeth,Rogers,1953-08-23,F,USA,Nevada,Investment,2,No,Website,3,1082221.48,360740.49333333335,70,2,2,Lower-Value Property Buyers
C0253,Individual,Betty,Hughes,1994-09-15,F,USA,Virginia,Home,4,No,Website,4,1239226.11,309806.5275,29,2,2,Lower-Value Property Buyers
C0254,Individual,Rachel,Freeman,1956-07-21,F,USA,Florida,Home,5,No,Website,4,1332152.57,333038.1425,67,1,1,Higher-Value Property Buyers
C0255,Individual,Sara,Jones,1961-08-02,F,UK,England,Investment,3,Yes,Client,4,1689083.06,422270.765,62,1,1,Higher-Value Property Buyers
C0256,Individual,Anthony,Hughes,1990-10-12,M,USA,California,Home,1,Yes,Website,3,1150229.15,383409.7166666666,33,1,1,Higher-Value Property Buyers
C0257,Individual,Nicholas,Kim,1974-10-22,M,USA,California,Home,1,No,Website,3,1145456.23,381818.74333333335,49,1,1,Higher-Value Property Buyers
C0258,Individual,Carl,Murray,1991-04-15,M,UK,Northern Ireland,Home,4,Yes,Agency,3,1001712.37,333904.12333333335,33,2,2,Lower-Value Property Buyers
C0259,Individual,Emma,Chavez,1990-02-15,F,USA,Oregon,Home,4,No,Website,3,779396.4099999999,259798.80333333332,34,2,2,Lower-Value Property Buyers
C0260,Individual,Rebecca,Wood,1946-04-08,F,USA,Nevada,Investment,3,No,Website,4,1057192.79,264298.1975,78,2,2,Lower-Value Property Buyers
C0261,Company,Celera,Co,1985-05-13,F,USA,Florida,Investment,4,Yes,Website,4,2094623.1,523655.775,39,1,1,Higher-Value Property Buyers
C0262,Individual,Billy,Bryant,1947-05-25,M,USA,Oregon,Home,2,No,Website,3,1233260.4,411086.8,77,1,1,Higher-Value Property Buyers
C0263,Individual,Anthony,Garcia,1981-02-08,M,USA,Nevada,Investment,2,Yes,Website,3,969140.41,323046.80333333334,44,2,2,Lower-Value Property Buyers
C0264,Individual,Melissa,Baker,1992-12-09,F,USA,Colorado,Home,2,Yes,Agency,4,1127766.02,281941.505,31,2,2,Lower-Value Property Buyers
C0265,Company,Celera,Co,1967-04-13,M,Belgium,Flanders,Home,1,No,Website,4,1708031.99,427007.9975,57,1,1,Higher-Value Property Buyers
C0266,Individual,Aaron,Owens,1977-02-26,M,USA,California,Home,5,Yes,Agency,3,931646.38,310548.79333333333,47,2,2,Lower-Value Property Buyers
C0267,Individual,Judy,Howard,1948-12-11,F,USA,Utah,Home,4,Yes,Agency,4,1314495.01,328623.7525,75,2,2,Lower-Value Property Buyers
C0268,Individual,Danielle,Carter,1959-02-21,F,USA,Georgia,Investment,3,No,Website,4,1108939.8599999999,277234.96499999997,65,2,2,Lower-Value Property Buyers
C0269,Individual,David,Stewart,1969-04-02,M,USA,New York,Home,2,No,Agency,3,1049110.08,349703.36000000004,55,2,2,Lower-Value Property Buyers
C0270,Individual,Megan,Allen,1944-07-21,F,USA,Florida,Home,5,No,Website,3,924009.9,308003.3,79,2,2,Lower-Value Property Buyers
C0271,Individual,Laura,Hughes,1972-04-28,F,USA,California,Investment,3,No,Agency,4,1295689.37,323922.3425,52,2,2,Lower-Value Property Buyers
C0272,Individual,Pamela,Green,1993-03-08,F,UK,Scotland,Home,5,Yes,Website,4,1439584.37,359896.0925,31,1,1,Higher-Value Property Buyers
C0273,Individual,Paul,Morales,1987-02-27,M,Denmark,Zealand,Investment,2,No,Website,3,682452.64,227484.21333333335,37,2,2,Lower-Value Property Buyers
C0274,Individual,Raymond,Young,1950-01-10,M,USA,Florida,Home,2,No,Website,3,1343449.34,447816.4466666667,74,1,1,Higher-Value Property Buyers
C0275,Individual,William,Thompson,2000-06-26,M,USA,Oregon,Home,1,Yes,Website,4,1237500.3,309375.075,24,2,2,Lower-Value Property Buyers
C0276,Individual,Gloria,Harris,1953-02-16,F,USA,Washington,Home,5,No,Website,3,1011195.98,337065.32666666666,71,2,2,Lower-Value Property Buyers
C0277,Individual,Jordan,Garcia,1954-11-17,M,USA,Colorado,Investment,1,Yes,Agency,3,1123449.53,374483.1766666667,69,2,2,Lower-Value Property Buyers
C0278,Individual,Margaret,Foster,1955-03-08,F,USA,California,Investment,2,Yes,Website,3,1442538.67,480846.2233333333,69,1,1,Higher-Value Property Buyers
C0279,Individual,Heather,Montgomery,1967-05-15,F,USA,Oregon,Home,1,No,Website,3,1012986.25,337662.0833333333,57,2,2,Lower-Value Property Buyers
C0280,Individual,Nathan,Price,1944-04-14,M,USA,Florida,Home,4,No,Client,4,1282020.93,320505.2325,80,2,2,Lower-Value Property Buyers
C0281,Individual,Katherine,Phillips,1977-03-22,F,USA,California,Home,1,Yes,Agency,3,1256275.37,418758.4566666667,47,1,1,Higher-Value Property Buyers
C0282,Individual,Emily,Owens,1997-10-18,F,USA,California,Investment,1,No,Website,4,973863.8,243465.95,26,2,2,Lower-Value Property Buyers
C0283,Individual,Susan,Edwards,1962-12-05,F,USA,Arizona,Home,2,Yes,Agency,4,1118599.47,279649.8675,61,2,2,Lower-Value Property Buyers
C0284,Individual,Patrick,Owens,1977-02-25,M,USA,Arizona,Home,4,No,Client,4,1251975.85,312993.9625,47,2,2,Lower-Value Property Buyers
C0285,Individual,Billy,Parker,1999-09-03,M,France,Ile-de-France,Investment,3,No,Website,4,1679056.13,419764.0325,24,1,1,Higher-Value Property Buyers
C0286,Individual,Noah,Brooks,1996-03-24,M,UK,Scotland,Home,1,No,Agency,3,859353.0900000001,286451.03,28,2,2,Lower-Value Property Buyers
C0287,Individual,Joan,Bell,1990-10-06,F,Australia,New South Wales,Home,5,No,Website,3,1171265.03,390421.6766666667,33,1,1,Higher-Value Property Buyers
C0288,Individual,Kevin,Freeman,1997-03-11,M,USA,Colorado,Investment,4,No,Agency,4,1364289.23,341072.3075,27,1,1,Higher-Value Property Buyers
C0289,Individual,Laura,Hayes,1993-06-14,F,USA,California,Investment,5,No,Agency,4,1533862.35,383465.5875,31,1,1,Higher-Value Property Buyers
C0290,Individual,Ryan,Watson,1962-01-01,M,USA,California,Home,2,No,Website,3,1215398.18,405132.7266666666,62,1,1,Higher-Value Property Buyers
C0291,Individual,James,Bryant,1953-06-07,M,USA,Nevada,Home,2,No,Agency,3,1322506.76,440835.58666666667,71,1,1,Higher-Value Property Buyers
C0292,Individual,Karen,Watson,1945-02-12,F,USA,California,Home,1,No,Agency,4,1442818.3399999999,360704.58499999996,79,1,1,Higher-Value Property Buyers
C0293,Individual,Ruth,Collins,1993-01-07,F,USA,California,Investment,4,No,Website,4,1580876.65,395219.1625,31,1,1,Higher-Value Property Buyers
C0294,Individual,Nicholas,Reyes,1963-07-17,M,USA,Nevada,Home,3,Yes,Website,4,1027250.91,256812.7275,60,2,2,Lower-Value Property Buyers
C0295,Individual,Roger,Harris,1967-07-09,M,Russia,Tatarstan,Home,3,No,Agency,3,1350375.73,450125.24333333335,57,1,1,Higher-Value Property Buyers
C0296,Individual,Mark,Young,1984-06-04,M,Canada,Manitoba,Home,1,Yes,Client,3,1142875.46,380958.48666666663,40,2,2,Lower-Value Property Buyers
C0297,Individual,Julia,Murray,1972-11-19,F,UK,Wales,Investment,5,No,Agency,4,1709184.75,427296.1875,51,1,1,Higher-Value Property Buyers
C0298,Individual,Sarah,Patterson,1972-10-11,F,USA,Oregon,Home,3,No,Website,4,1262479.23,315619.8075,51,2,2,Lower-Value Property Buyers
C0299,Individual,Barbara,Davis,1977-03-05,F,UK,Wales,Home,5,No,Agency,4,1177661.76,294415.44,47,2,2,Lower-Value Property Buyers
C0300,Individual,Zachary,Peterson,1959-11-04,M,Canada,Alberta,Home,5,Yes,Website,3,844956.55,281652.18333333335,64,2,2,Lower-Value Property Buyers
C0301,Individual,Lisa,Alexander,1959-02-03,F,USA,Virginia,Home,4,No,Agency,3,1045776.52,348592.17333333334,65,2,2,Lower-Value Property Buyers
C0302,Individual,Maria,Edwards,1976-07-25,F,USA,Utah,Investment,1,No,Agency,4,1654300.33,413575.0825,47,1,1,Higher-Value Property Buyers
C0303,Individual,Betty,Owens,1957-10-07,F,USA,Virginia,Investment,5,Yes,Website,4,1519113.12,379778.28,66,1,1,Higher-Value Property Buyers
C0304,Individual,Patrick,Morris,1959-12-22,M,USA,California,Investment,1,No,Agency,4,1685753.28,421438.32,64,1,1,Higher-Value Property Buyers
C0305,Individual,Emily,Kim,1995-11-22,F,USA,Arizona,Home,1,No,Website,3,1327736.23,442578.74333333335,28,1,1,Higher-Value Property Buyers
C0306,Individual,Samuel,Foster,1988-05-04,M,USA,California,Home,1,No,Client,4,1399698.79,349924.6975,36,1,1,Higher-Value Property Buyers
C0307,Individual,Samuel,Freeman,1992-10-13,M,USA,California,Home,5,Yes,Client,4,1490170.3800000001,372542.59500000003,31,1,1,Higher-Value Property Buyers
C0308,Individual,Catherine,Roberts,1972-10-10,F,Belgium,Flanders,Investment,4,Yes,Agency,3,1176582.54,392194.18,51,1,1,Higher-Value Property Buyers
C0309,Individual,Stephanie,Cox,1957-10-15,F,USA,Washington,Home,4,No,Agency,3,1382649.58,460883.19333333336,66,1,1,Higher-Value Property Buyers
C0310,Individual,Edward,Weaver,1992-02-05,M,UK,Northern Ireland,Home,3,No,Website,3,1389329.62,463109.87333333335,32,1,1,Higher-Value Property Buyers
C0311,Individual,Justin,Anderson,1952-09-03,M,USA,Georgia,Home,2,No,Website,4,1632999.56,408249.89,71,1,1,Higher-Value Property Buyers
C0312,Individual,Zachary,Cooper,1941-01-14,M,USA,Nevada,Home,3,Yes,Website,4,1105668.66,276417.165,83,2,2,Lower-Value Property Buyers
C0313,Company,Stratos,Co,1974-12-04,M,USA,California,Home,1,No,Agency,3,1091085.9300000002,363695.31000000006,49,2,2,Lower-Value Property Buyers
C0314,Individual,Andrew,Jones,1982-08-23,M,USA,Washington,Investment,4,No,Agency,3,1040795.02,346931.67333333334,41,2,2,Lower-Value Property Buyers
C0315,Individual,Michael,Phillips,1987-03-18,M,Mexico,Baja California,Investment,5,No,Website,4,1178606.56,294651.64,37,2,2,Lower-Value Property Buyers
C0316,Individual,Brandon,Martin,1997-04-14,M,UK,Scotland,Investment,4,Yes,Website,4,1792447.27,448111.8175,27,1,1,Higher-Value Property Buyers
C0317,Individual,Amber,Hansen,1999-11-17,F,USA,California,Investment,2,Yes,Website,3,1248444.31,416148.10333333333,24,1,1,Higher-Value Property Buyers
C0318,Individual,Amy,Peterson,1974-03-22,F,Germany,Berlin,Home,5,No,Website,3,871968.67,290656.2233333333,50,2,2,Lower-Value Property Buyers
C0319,Company,Zynex,Co,1995-12-11,F,USA,Texas,Home,5,Yes,Website,4,2061054.65,515263.6625,28,1,1,Higher-Value Property Buyers
C0320,Individual,Tyler,Cox,1984-01-12,M,USA,Texas,Home,3,Yes,Client,3,1317732.09,439244.03,40,1,1,Higher-Value Property Buyers
C0321,Individual,Jesse,Cook,1992-12-01,M,USA,California,Investment,2,No,Agency,4,1701753.71,425438.4275,31,1,1,Higher-Value Property Buyers
C0322,Individual,Deborah,Moore,1996-12-25,F,USA,California,Home,2,Yes,Website,3,1347002.93,449000.9766666666,27,1,1,Higher-Value Property Buyers
C0323,Individual,Samantha,Hayes,1975-09-16,F,USA,California,Investment,2,Yes,Website,3,1230825.62,410275.2066666667,48,1,1,Higher-Value Property Buyers
C0324,Individual,Raymond,Parker,1993-06-14,M,USA,Washington,Home,4,No,Website,3,1147121.25,382373.75,31,1,1,Higher-Value Property Buyers
C0325,Individual,Maria,Flores,1983-02-24,F,USA,California,Home,5,Yes,Agency,4,1205175.56,301293.89,41,2,2,Lower-Value Property Buyers
C0326,Individual,Daniel,Reed,1958-10-05,M,USA,Oregon,Investment,4,Yes,Agency,4,1321975.5,330493.875,65,2,2,Lower-Value Property Buyers
C0327,Individual,Elizabeth,Ward,1961-09-07,F,UK,Scotland,Home,1,No,Agency,4,1116366.72,279091.68,62,2,2,Lower-Value Property Buyers
C0328,Individual,William,Young,1946-10-22,M,USA,California,Home,1,Yes,Client,4,1356560.31,339140.0775,77,2,2,Lower-Value Property Buyers
C0329,Individual,Diane,Morales,1998-05-10,F,Germany,Hesse,Home,3,No,Agency,3,770062.4,256687.46666666667,26,2,2,Lower-Value Property Buyers
C0330,Individual,Christian,Richardson,1975-06-21,M,USA,California,Home,1,No,Website,4,1331463.63,332865.9075,49,2,2,Lower-Value Property Buyers
C0331,Individual,Ann,Martin,1984-05-23,F,USA,California,Investment,3,No,Agency,4,1546334.4,386583.6,40,1,1,Higher-Value Property Buyers
C0332,Individual,Christopher,Price,1989-12-15,M,USA,Texas,Investment,3,No,Website,3,1209987.46,403329.1533333333,34,1,1,Higher-Value Property Buyers
C0333,Individual,Helen,Hall,1955-12-23,F,UK,Wales,Home,3,No,Website,3,1118960.06,372986.6866666667,68,2,2,Lower-Value Property Buyers
C0334,Individual,Andrew,Roberts,1950-01-08,M,USA,Arizona,Investment,3,No,Agency,4,1445655.93,361413.9825,74,1,1,Higher-Value Property Buyers
C0335,Individual,Charles,Morris,1975-12-24,M,USA,Arizona,Home,4,No,Website,4,1478341.12,369585.28,48,1,1,Higher-Value Property Buyers
C0336,Individual,Karen,Price,1971-11-17,F,USA,California,Investment,5,No,Agency,3,1163690.5899999999,387896.8633333333,52,1,1,Higher-Value Property Buyers
C0337,Individual,Nathan,Alexander,1942-01-27,M,USA,Arizona,Home,3,Yes,Website,3,759310.2,253103.4,82,2,2,Lower-Value Property Buyers
C0338,Individual,Patrick,Flores,1943-05-28,M,USA,California,Home,5,Yes,Website,4,1488671.1300000001,372167.78250000003,81,1,1,Higher-Value Property Buyers
C0339,Individual,Keith,King,1963-05-10,M,USA,Utah,Investment,5,No,Agency,4,1548824.23,387206.0575,61,1,1,Higher-Value Property Buyers
C0340,Individual,Daniel,Garcia,1940-11-25,M,USA,California,Investment,2,No,Agency,3,1047500.4199999999,349166.80666666664,83,2,2,Lower-Value Property Buyers
C0341,Individual,Carl,Chavez,1982-10-11,M,USA,California,Investment,4,No,Agency,4,1679555.42,419888.855,41,1,1,Higher-Value Property Buyers
C0342,Individual,Kevin,Hughes,1974-08-15,M,USA,California,Investment,2,No,Client,3,1290567.3900000001,430189.13000000006,49,1,1,Higher-Value Property Buyers
C0343,Individual,Joyce,Thompson,1952-06-17,F,USA,California,Home,2,No,Website,4,1630923.97,407730.9925,72,1,1,Higher-Value Property Buyers
C0344,Individual,Joshua,Jackson,1997-05-13,M,Canada,British Columbia,Home,2,Yes,Website,4,1276344.68,319086.17,28,2,2,Lower-Value Property Buyers
C0345,Individual,Stephanie,Hall,1969-09-15,F,USA,New York,Home,4,Yes,Website,3,1339687.25,446562.4166666667,54,1,1,Higher-Value Property Buyers
C0346,Individual,Amy,Nelson,1963-02-06,F,USA,California,Home,5,No,Agency,3,1174812.8599999999,391604.2866666666,61,1,1,Higher-Value Property Buyers
C0347,Individual,Mark,Reyes,1992-05-24,M,USA,Washington,Home,3,Yes,Website,3,1378006.45,459335.48333333334,32,1,1,Higher-Value Property Buyers
C0348,Individual,Jack,Pierce,1982-02-13,M,USA,Colorado,Investment,5,Yes,Agency,4,1482633.92,370658.48,42,1,1,Higher-Value Property Buyers
C0349,Individual,Paul,Jackson,1975-06-26,M,USA,Arizona,Home,2,Yes,Agency,3,1065745.84,355248.61333333334,49,2,2,Lower-Value Property Buyers
C0350,Individual,Richard,Jones,1992-11-12,M,USA,Arizona,Home,2,No,Agency,3,1066408.3,355469.43333333335,31,2,2,Lower-Value Property Buyers
C0351,Individual,Michelle,Watson,1961-12-27,F,USA,Oregon,Home,5,No,Agency,4,1551113.76,387778.44,63,1,1,Higher-Value Property Buyers
C0352,Individual,Judith,Williams,1977-06-22,F,USA,Nevada,Investment,3,No,Agency,3,1339830.04,446610.01333333337,47,1,1,Higher-Value Property Buyers
C0353,Individual,Anna,Murray,1964-04-24,F,USA,Arizona,Home,2,No,Agency,3,889855.16,296618.38666666666,60,2,2,Lower-Value Property Buyers
C0354,Individual,Kimberly,Turner,1998-10-23,F,USA,California,Home,4,No,Website,3,962196.6000000001,320732.2,25,2,2,Lower-Value Property Buyers
C0355,Individual,Henry,Alexander,1951-10-16,M,Mexico,Baja California,Investment,1,No,Website,3,1029593.97,343197.99,72,2,2,Lower-Value Property Buyers
C0356,Individual,Andrea,Kim,1976-06-06,F,USA,Georgia,Home,3,No,Website,4,964351.9,241087.975,48,2,2,Lower-Value Property Buyers
C0357,Individual,Danielle,Griffin,1988-09-04,F,USA,California,Home,3,No,Website,3,970629.22,323543.0733333333,35,2,2,Lower-Value Property Buyers
C0358,Individual,Katherine,Griffin,1978-09-26,F,Australia,New South Wales,Home,3,Yes,Agency,3,1150919.74,383639.91333333333,45,1,1,Higher-Value Property Buyers
C0359,Individual,Julie,Cooper,1951-10-03,F,USA,California,Investment,1,No,Agency,3,1098189.8900000001,366063.2966666667,72,2,2,Lower-Value Property Buyers
C0360,Individual,Laura,Baker,1948-09-09,F,USA,Utah,Home,2,Yes,Agency,4,1978026.48,494506.62,75,1,1,Higher-Value Property Buyers
C0361,Individual,Nicholas,Miller,1958-08-09,M,UK,England,Home,1,Yes,Website,4,1468372.25,367093.0625,65,1,1,Higher-Value Property Buyers
C0362,Individual,Betty,Moore,2000-06-09,F,USA,Utah,Home,4,No,Website,3,1129669.4,376556.4666666666,24,1,1,Higher-Value Property Buyers
C0363,Individual,Christine,Edwards,1959-01-25,F,USA,Utah,Investment,2,No,Client,4,1232301.44,308075.36,65,2,2,Lower-Value Property Buyers
C0364,Individual,George,Gray,1944-02-03,M,USA,Texas,Home,2,No,Website,4,1492505.18,373126.295,80,1,1,Higher-Value Property Buyers
C0365,Individual,Brandon,Morales,1962-11-02,M,USA,Colorado,Investment,5,No,Agency,3,951259.9,317086.63333333336,61,2,2,Lower-Value Property Buyers
C0366,Individual,Keith,Long,1983-04-26,M,USA,California,Home,4,No,Website,3,1420135.32,473378.44,41,1,1,Higher-Value Property Buyers
C0367,Individual,Samuel,Collins,1964-11-25,M,USA,California,Investment,4,No,Agency,4,1662617.88,415654.47,59,1,1,Higher-Value Property Buyers
C0368,Individual,Betty,Scott,1992-11-08,F,USA,California,Home,4,Yes,Agency,4,1494552.45,373638.1125,31,1,1,Higher-Value Property Buyers
C0369,Individual,Helen,Murray,1954-01-10,F,USA,Utah,Home,2,Yes,Agency,4,1586439.08,396609.77,70,1,1,Higher-Value Property Buyers
C0370,Individual,Michelle,Brooks,1957-09-23,F,Russia,Krasnodar Krai,Home,1,No,Website,4,1613633.3900000001,403408.34750000003,66,1,1,Higher-Value Property Buyers
C0371,Individual,Ryan,Moore,1970-03-15,M,Belgium,Wallonia,Investment,3,No,Agency,3,827208.61,275736.2033333333,54,2,2,Lower-Value Property Buyers
C0372,Individual,Teresa,Nelson,1952-04-22,F,Belgium,Flanders,Investment,1,No,Agency,3,1280128.06,426709.35333333333,72,1,1,Higher-Value Property Buyers
C0373,Individual,Karen,Morales,1993-01-27,F,USA,Georgia,Home,2,No,Agency,3,1047277.1799999999,349092.3933333333,31,2,2,Lower-Value Property Buyers
C0374,Individual,Madison,Hughes,1993-07-11,F,Australia,New South Wales,Investment,4,Yes,Agency,4,916825.86,229206.465,30,2,2,Lower-Value Property Buyers
C0375,Individual,Kyle,Thompson,1968-07-15,M,USA,California,Investment,4,No,Website,3,1178580.6400000001,392860.2133333334,55,1,1,Higher-Value Property Buyers
C0376,Individual,Shirley,Smith,1953-04-19,F,USA,California,Home,3,No,Website,3,1182808.29,394269.43,71,1,1,Higher-Value Property Buyers
C0377,Individual,Charles,Patterson,1998-05-14,M,USA,Washington,Home,4,No,Website,3,822780.32,274260.10666666663,26,2,2,Lower-Value Property Buyers
C0378,Individual,Heather,Anderson,1957-11-28,F,USA,California,Investment,3,Yes,Website,3,812387.51,270795.83666666667,66,2,2,Lower-Value Property Buyers
C0379,Company,Optima,Co,1977-04-22,M,USA,California,Investment,2,Yes,Client,4,1254919.3599999999,313729.83999999997,47,2,2,Lower-Value Property Buyers
C0380,Individual,Evelyn,Chavez,1973-09-13,F,USA,California,Home,3,Yes,Website,3,939708.87,313236.29,50,2,2,Lower-Value Property Buyers
C0381,Individual,David,Gray,1961-08-01,M,USA,California,Home,5,Yes,Agency,3,878913.19,292971.0633333333,62,2,2,Lower-Value Property Buyers
C0382,Individual,Nicholas,Garcia,1975-08-08,M,USA,California,Investment,1,Yes,Agency,3,980139.25,326713.0833333333,48,2,2,Lower-Value Property Buyers
C0383,Company,Novex,Co,1985-09-11,F,Mexico,Mexico City,Investment,3,No,Agency,4,968070.64,242017.66,38,2,2,Lower-Value Property Buyers
C0384,Individual,Amy,Stewart,1944-03-22,F,USA,California,Home,3,Yes,Website,3,1010761.74,336920.58,80,2,2,Lower-Value Property Buyers
C0385,Individual,Douglas,Owens,1969-12-01,M,UK,Northern Ireland,Investment,4,No,Website,3,1289646.4100000001,429882.1366666667,54,1,1,Higher-Value Property Buyers
C0386,Individual,Carol,Stewart,1976-03-25,F,USA,Colorado,Home,2,No,Client,3,1633972.21,544657.4033333333,48,1,1,Higher-Value Property Buyers
C0387,Individual,Jessica,Owens,1974-07-18,F,USA,California,Home,2,Yes,Website,4,1992983.55,498245.8875,49,1,1,Higher-Value Property Buyers
C0388,Individual,Zachary,Cox,1995-09-24,M,USA,California,Home,4,No,Agency,3,961894.92,320631.64,28,2,2,Lower-Value Property Buyers
C0389,Individual,Ronald,Stone,1954-11-18,M,USA,Colorado,Home,3,No,Website,4,1261549.0899999999,315387.27249999996,69,2,2,Lower-Value Property Buyers
C0390,Individual,Steven,Griffin,1942-04-23,M,Canada,Quebec,Investment,2,No,Website,4,1678762.0699999998,419690.51749999996,82,1,1,Higher-Value Property Buyers
C0391,Individual,Heather,Long,1966-12-11,F,USA,California,Home,5,No,Agency,3,1035012.9099999999,345004.3033333333,57,2,2,Lower-Value Property Buyers
C0392,Individual,Katherine,Adams,1977-06-14,F,USA,Arizona,Home,2,Yes,Website,4,1015830.03,253957.5075,47,2,2,Lower-Value Property Buyers
C0393,Individual,Nicole,Allen,1988-08-06,F,USA,Arizona,Home,4,No,Agency,4,1616556.78,404139.195,35,1,1,Higher-Value Property Buyers
C0394,Individual,Shirley,Foster,1954-11-24,F,USA,Colorado,Home,3,Yes,Website,4,1258840.0,314710.0,69,2,2,Lower-Value Property Buyers
C0395,Individual,Deborah,Chavez,1959-01-17,F,USA,Florida,Home,1,No,Website,3,1153134.48,384378.16,65,2,2,Lower-Value Property Buyers
C0396,Individual,Charles,Allen,2000-04-17,M,USA,Nevada,Home,5,No,Agency,4,1181447.25,295361.8125,24,2,2,Lower-Value Property Buyers
C0397,Individual,Hannah,Williams,2000-09-18,F,USA,California,Home,5,No,Website,3,793543.27,264514.42333333334,23,2,2,Lower-Value Property Buyers
C0398,Individual,Jennifer,Alexander,1948-12-22,F,USA,Texas,Home,1,Yes,Agency,4,1186693.85,296673.4625,75,2,2,Lower-Value Property Buyers
C0399,Individual,Albert,Kim,1984-09-06,M,USA,California,Home,4,No,Agency,4,1229057.49,307264.3725,39,2,2,Lower-Value Property Buyers
C0400,Individual,Brandon,Anderson,1959-11-25,M,USA,California,Home,4,No,Agency,4,1360152.99,340038.2475,64,1,1,Higher-Value Property Buyers
C0401,Individual,Brian,Anderson,1969-07-21,M,USA,Arizona,Home,5,Yes,Website,4,1020913.0700000001,255228.26750000002,54,2,2,Lower-Value Property Buyers
C0402,Individual,Brenda,Garcia,1941-02-22,F,USA,Georgia,Home,5,No,Website,3,1054166.95,351388.98333333334,83,2,2,Lower-Value Property Buyers
C0403,Individual,Jennifer,Adams,1963-03-25,F,Australia,New South Wales,Home,1,No,Website,3,878792.98,292930.99333333335,61,2,2,Lower-Value Property Buyers
C0404,Individual,Sara,Cook,1976-05-12,F,France,Normandy,Investment,1,No,Client,3,731788.96,243929.65333333332,48,2,2,Lower-Value Property Buyers
C0405,Company,Horizon,Co,1969-12-25,M,USA,Colorado,Home,1,No,Agency,4,1310963.25,327740.8125,54,2,2,Lower-Value Property Buyers
C0406,Individual,Christine,Brown,1960-05-26,F,USA,Colorado,Home,3,No,Website,4,1317165.12,329291.28,64,2,2,Lower-Value Property Buyers
C0407,Individual,Lisa,Freeman,1982-04-23,F,USA,California,Home,2,No,Client,4,1254494.91,313623.7275,42,2,2,Lower-Value Property Buyers
C0408,Individual,Tyler,Rogers,1977-03-02,M,USA,California,Home,3,No,Website,3,1320497.01,440165.67,47,1,1,Higher-Value Property Buyers
C0409,Individual,Timothy,Reyes,1972-09-18,M,USA,Nevada,Home,1,Yes,Website,4,1816669.2,454167.3,51,1,1,Higher-Value Property Buyers
C0410,Individual,Diane,Johnson,1982-07-13,F,Russia,Saint Petersburg,Home,5,Yes,Agency,3,1021706.02,340568.67333333334,42,2,2,Lower-Value Property Buyers
C0411,Individual,Amanda,Moore,1983-09-05,F,USA,California,Home,2,No,Website,3,896987.21,298995.73666666663,40,2,2,Lower-Value Property Buyers
C0412,Individual,Karen,Richardson,1984-04-24,F,UK,Scotland,Home,5,No,Website,3,1100376.25,366792.0833333333,40,2,2,Lower-Value Property Buyers
C0413,Individual,Brandon,Smith,1940-11-07,M,Canada,British Columbia,Home,3,No,Website,4,1769126.22,442281.555,83,1,1,Higher-Value Property Buyers
C0414,Individual,Brandon,Reed,1962-07-12,M,USA,California,Home,4,No,Website,4,1412148.94,353037.235,61,1,1,Higher-Value Property Buyers
C0415,Individual,Grace,Turner,1980-09-07,F,USA,Nevada,Home,5,Yes,Agency,4,1305928.3499999999,326482.08749999997,43,1,1,Higher-Value Property Buyers
C0416,Company,Bravada,Co,1981-07-28,M,Germany,North Rhine-Westphalia,Investment,5,Yes,Client,3,1059532.51,353177.50333333336,42,2,2,Lower-Value Property Buyers
C0417,Individual,Peter,Collins,1947-03-12,M,USA,Utah,Home,2,No,Website,3,1354773.96,451591.32,77,1,1,Higher-Value Property Buyers
C0418,Individual,Douglas,Howard,1996-08-20,M,USA,Arizona,Home,5,No,Agency,4,1629486.83,407371.7075,27,1,1,Higher-Value Property Buyers
C0419,Individual,Jack,Hansen,1962-03-11,M,USA,Washington,Home,3,Yes,Agency,4,1174012.19,293503.0475,62,2,2,Lower-Value Property Buyers
C0420,Individual,Debra,Reyes,1994-04-01,F,USA,California,Home,5,No,Agency,3,1260096.1600000001,420032.0533333334,30,1,1,Higher-Value Property Buyers
C0421,Individual,Zachary,Cox,1975-08-25,M,Germany,Hesse,Investment,5,Yes,Website,4,1495763.3699999999,373940.84249999997,48,1,1,Higher-Value Property Buyers
C0422,Company,Telnox,Co,1973-11-13,F,USA,California,Home,1,Yes,Client,4,1653171.62,413292.905,50,1,1,Higher-Value Property Buyers
C0423,Individual,Rachel,Sanders,1950-04-17,F,USA,California,Home,1,No,Client,3,1068716.19,356238.73,74,2,2,Lower-Value Property Buyers
C0424,Individual,Sarah,Stewart,1998-04-12,F,USA,Florida,Home,1,No,Website,3,1034036.3,344678.76666666666,26,2,2,Lower-Value Property Buyers
C0425,Individual,Gerald,Wright,1965-11-03,M,USA,Nevada,Home,2,No,Agency,3,1256932.48,418977.49333333335,58,1,1,Higher-Value Property Buyers
C0426,Individual,Julie,Brown,1953-07-10,F,USA,Oregon,Home,4,Yes,Client,3,890250.61,296750.2033333333,70,2,2,Lower-Value Property Buyers
C0427,Individual,Sarah,Peterson,1994-06-09,F,USA,California,Home,4,Yes,Website,4,1457016.31,364254.0775,30,1,1,Higher-Value Property Buyers
C0428,Individual,Gloria,Rogers,1962-07-20,F,USA,Oregon,Home,3,No,Agency,4,984451.32,246112.83,61,2,2,Lower-Value Property Buyers
C0429,Individual,Danielle,Stone,1995-05-11,F,USA,California,Home,3,Yes,Website,4,1503904.1600000001,375976.04000000004,29,1,1,Higher-Value Property Buyers
C0430,Individual,Roger,Wood,1974-05-10,M,USA,Nevada,Home,2,No,Agency,3,931141.96,310380.6533333333,50,2,2,Lower-Value Property Buyers
C0431,Individual,Austin,King,1969-05-05,M,USA,California,Home,5,Yes,Website,4,1544751.33,386187.8325,55,1,1,Higher-Value Property Buyers
C0432,Company,Grandis,Co,1995-02-17,M,USA,California,Home,5,No,Agency,4,1277850.15,319462.5375,29,1,1,Higher-Value Property Buyers
C0433,Individual,Ruth,Hughes,1969-03-03,F,USA,California,Investment,2,Yes,Website,4,1937061.37,484265.3425,55,1,1,Higher-Value Property Buyers
C0434,Individual,Amanda,Sanders,1964-12-25,F,Russia,Tatarstan,Home,5,No,Website,3,1364889.24,454963.08,59,1,1,Higher-Value Property Buyers
C0435,Individual,Sara,Richardson,1966-01-25,F,Australia,New South Wales,Home,5,Yes,Website,3,908970.34,302990.11333333334,58,2,2,Lower-Value Property Buyers
C0436,Individual,Brandon,Jones,1972-12-05,M,USA,Colorado,Home,2,Yes,Client,4,1327594.64,331898.66,51,2,2,Lower-Value Property Buyers
C0437,Individual,Danielle,James,1990-05-10,F,USA,Texas,Home,1,No,Website,3,657032.8200000001,219010.94000000003,34,2,2,Lower-Value Property Buyers
C0438,Individual,Gregory,Collins,1982-09-10,M,USA,Georgia,Investment,1,Yes,Client,4,1458641.1,364660.275,41,1,1,Higher-Value Property Buyers
C0439,Individual,Larry,Thompson,1956-08-03,M,USA,Virginia,Home,2,No,Agency,3,1273328.62,424442.87333333335,67,1,1,Higher-Value Property Buyers
C0440,Individual,Lawrence,Parker,1960-07-13,M,USA,California,Investment,1,No,Agency,3,703498.83,234499.61,63,2,2,Lower-Value Property Buyers
C0441,Individual,Joan,Foster,1980-01-10,F,Russia,Krasnodar Krai,Investment,1,No,Agency,4,1525849.55,381462.3875,44,1,1,Higher-Value Property Buyers
C0442,Individual,Sarah,Hansen,1975-04-14,F,USA,Colorado,Home,3,Yes,Website,4,1707466.97,426866.7425,49,1,1,Higher-Value Property Buyers
C0443,Individual,Noah,Foster,1950-06-22,M,Denmark,Capital Region,Home,1,Yes,Agency,3,1355839.1,451946.3666666667,74,1,1,Higher-Value Property Buyers
C0444,Individual,Jennifer,Martin,1941-03-15,F,USA,California,Home,2,No,Website,4,1054514.54,263628.635,83,2,2,Lower-Value Property Buyers
C0445,Individual,Michelle,Evans,1995-12-11,F,USA,California,Home,2,Yes,Website,4,1425691.63,356422.9075,28,1,1,Higher-Value Property Buyers
C0446,Individual,Douglas,Thomas,1955-01-02,M,USA,Colorado,Home,2,No,Website,3,1024655.04,341551.68,69,2,2,Lower-Value Property Buyers
C0447,Individual,Patricia,Johnson,1956-06-27,F,USA,New York,Home,2,No,Website,3,1543592.15,514530.7166666666,68,1,1,Higher-Value Property Buyers
C0448,Individual,Mark,White,1980-10-06,M,USA,Nevada,Investment,2,No,Agency,3,942066.48,314022.16,43,2,2,Lower-Value Property Buyers
C0449,Individual,Jordan,King,1972-06-24,M,USA,Oregon,Investment,2,No,Agency,3,1418922.44,472974.14666666667,52,1,1,Higher-Value Property Buyers
C0450,Individual,Matthew,Jackson,1992-02-19,M,Mexico,Nuevo Leon,Home,3,No,Website,4,1555297.3699999999,388824.34249999997,32,1,1,Higher-Value Property Buyers
C0451,Individual,Larry,Anderson,1985-09-20,M,Canada,Alberta,Investment,5,Yes,Client,4,1665967.4100000001,416491.85250000004,39,1,1,Higher-Value Property Buyers
C0452,Individual,Brandon,Adams,1967-10-17,M,USA,Washington,Home,3,No,Website,4,1398358.69,349589.6725,56,1,1,Higher-Value Property Buyers
C0453,Individual,Carl,Wood,1993-04-16,M,UK,Scotland,Investment,1,No,Website,4,1321010.76,330252.69,31,2,2,Lower-Value Property Buyers
C0454,Company,Altira,Co,1961-01-04,F,USA,Nevada,Investment,4,No,Agency,3,980683.73,326894.57666666666,63,2,2,Lower-Value Property Buyers
C0455,Individual,Karen,Williams,1963-01-02,F,USA,California,Home,1,No,Agency,4,1125726.62,281431.655,61,2,2,Lower-Value Property Buyers
C0456,Individual,Virginia,Brooks,1995-11-18,F,USA,Oregon,Home,3,Yes,Website,3,1349210.55,449736.85000000003,28,1,1,Higher-Value Property Buyers
C0457,Individual,Kenneth,Hansen,1980-07-19,M,UK,Wales,Investment,1,No,Agency,3,1399940.21,466646.73666666663,43,1,1,Higher-Value Property Buyers
C0458,Individual,Thomas,Turner,1995-04-07,M,USA,Oregon,Investment,1,No,Agency,4,1382881.81,345720.4525,29,1,1,Higher-Value Property Buyers
C0459,Individual,Steven,Johnson,1955-03-23,M,USA,California,Home,3,No,Agency,3,821716.14,273905.38,69,2,2,Lower-Value Property Buyers
C0460,Individual,Amanda,Cox,1992-12-25,F,USA,Virginia,Home,1,No,Website,3,1061349.03,353783.01,31,2,2,Lower-Value Property Buyers
C0461,Individual,Jonathan,Peterson,1960-02-16,M,USA,Arizona,Home,1,No,Agency,3,986630.39,328876.7966666667,64,2,2,Lower-Value Property Buyers
C0462,Individual,Eric,White,1943-10-22,M,Australia,Victoria,Home,2,No,Agency,4,1606667.68,401666.92,80,1,1,Higher-Value Property Buyers
C0463,Individual,Nicholas,Garcia,1970-06-13,M,USA,California,Home,5,No,Client,4,1235094.73,308773.6825,54,2,2,Lower-Value Property Buyers
C0464,Individual,Gregory,Turner,1974-11-12,M,USA,Florida,Home,5,No,Website,4,1455550.0,363887.5,49,1,1,Higher-Value Property Buyers
C0465,Individual,George,Carter,1949-02-09,M,USA,California,Home,3,No,Website,3,707799.9199999999,235933.30666666664,75,2,2,Lower-Value Property Buyers
C0466,Individual,Patricia,Cox,1988-05-19,F,USA,Virginia,Investment,2,No,Website,4,1228651.21,307162.8025,36,2,2,Lower-Value Property Buyers
C0467,Individual,Rebecca,Chavez,1952-05-04,F,USA,Ohio,Home,1,Yes,Agency,3,976066.93,325355.64333333337,72,2,2,Lower-Value Property Buyers
C0468,Individual,Raymond,Smith,1952-11-13,M,Mexico,Jalisco,Investment,3,Yes,Website,3,1267396.7999999998,422465.5999999999,71,1,1,Higher-Value Property Buyers
C0469,Individual,Adam,Foster,1997-03-23,M,USA,California,Home,2,No,Website,4,1518476.47,379619.1175,27,1,1,Higher-Value Property Buyers
C0470,Individual,Joan,Anderson,1963-02-17,F,USA,Oregon,Home,1,No,Agency,3,862552.54,287517.51333333337,61,2,2,Lower-Value Property Buyers
C0471,Individual,Gary,Collins,1984-06-26,M,USA,Utah,Investment,3,No,Agency,3,1084997.39,361665.79666666663,40,2,2,Lower-Value Property Buyers
C0472,Individual,Edward,Moore,1951-04-10,M,USA,California,Home,4,No,Website,3,1277486.3699999999,425828.79,73,1,1,Higher-Value Property Buyers
C0473,Individual,Sharon,Price,1981-09-08,F,USA,California,Home,3,No,Agency,4,1304527.6600000001,326131.91500000004,42,2,2,Lower-Value Property Buyers
C0474,Individual,Gregory,Young,1995-08-12,M,USA,Nevada,Home,1,No,Website,4,962015.29,240503.8225,28,2,2,Lower-Value Property Buyers
C0475,Individual,William,Brooks,1946-08-18,M,Belgium,Wallonia,Investment,2,Yes,Agency,3,1234470.16,411490.0533333333,77,1,1,Higher-Value Property Buyers
C0476,Individual,Steven,Johnson,1997-05-04,M,USA,Florida,Home,3,No,Agency,4,1485303.01,371325.7525,27,1,1,Higher-Value Property Buyers
C0477,Individual,Jesse,Stone,1984-01-02,M,USA,California,Investment,4,Yes,Website,3,1535114.88,511704.95999999996,40,1,1,Higher-Value Property Buyers
C0478,Individual,Ashley,Garcia,1940-02-08,F,USA,Ohio,Investment,4,No,Website,3,774892.79,258297.59666666668,84,2,2,Lower-Value Property Buyers
C0479,Individual,Virginia,Wright,1978-06-04,F,USA,California,Home,2,Yes,Agency,4,1172782.93,293195.7325,46,2,2,Lower-Value Property Buyers
C0480,Individual,Scott,Bryant,1974-09-16,M,USA,California,Home,4,Yes,Website,4,1033261.03,258315.2575,49,2,2,Lower-Value Property Buyers
C0481,Individual,Sean,Williams,1976-12-12,M,USA,Arizona,Home,3,No,Agency,4,1365460.24,341365.06,47,1,1,Higher-Value Property Buyers
C0482,Individual,Deborah,Brown,1980-08-10,F,USA,New York,Investment,3,Yes,Agency,3,1006132.77,335377.59,43,2,2,Lower-Value Property Buyers
C0483,Individual,Kevin,Jackson,1985-08-11,M,USA,Arizona,Investment,1,No,Website,3,881113.79,293704.5966666667,38,2,2,Lower-Value Property Buyers
C0484,Individual,Janet,Wright,1989-04-19,F,USA,Texas,Investment,3,No,Website,4,1313240.67,328310.1675,35,2,2,Lower-Value Property Buyers
C0485,Individual,Julia,Morales,1991-07-10,F,USA,Arizona,Home,2,No,Website,3,1000841.1799999999,333613.7266666666,32,2,2,Lower-Value Property Buyers
C0486,Individual,Billy,Carter,1999-09-16,M,USA,California,Investment,2,Yes,Website,3,1090587.66,363529.22,24,2,2,Lower-Value Property Buyers
C0487,Individual,Jessica,Williams,1991-10-23,F,USA,Washington,Home,5,No,Website,4,1576272.71,394068.1775,32,1,1,Higher-Value Property Buyers
C0488,Individual,Megan,Jackson,1979-11-05,F,USA,California,Investment,4,No,Agency,4,1218265.3599999999,304566.33999999997,44,2,2,Lower-Value Property Buyers
C0489,Individual,Austin,Jordan,1950-08-06,M,Germany,Berlin,Investment,2,No,Website,3,1025274.77,341758.25666666665,73,2,2,Lower-Value Property Buyers
C0490,Individual,Emily,Wright,1954-01-23,F,USA,Nevada,Investment,5,Yes,Website,3,1292367.93,430789.31,70,1,1,Higher-Value Property Buyers
C0491,Individual,Noah,White,1941-05-08,M,USA,Washington,Home,2,No,Website,3,1106379.8,368793.26666666666,83,2,2,Lower-Value Property Buyers
C0492,Individual,Raymond,Price,2000-07-05,M,USA,Utah,Home,3,Yes,Website,4,1300917.1,325229.275,25,2,2,Lower-Value Property Buyers
C0493,Individual,Tyler,Hughes,1954-06-07,M,USA,Colorado,Home,3,No,Website,4,1312198.98,328049.745,70,2,2,Lower-Value Property Buyers
C0494,Individual,Grace,Carter,1990-03-08,F,USA,California,Home,3,Yes,Website,4,1052676.65,263169.1625,34,2,2,Lower-Value Property Buyers
C0495,Individual,Jerry,Hall,1954-02-18,M,USA,California,Investment,5,No,Client,4,1246742.44,311685.61,70,2,2,Lower-Value Property Buyers
C0496,Individual,Billy,Reyes,1990-04-01,M,USA,California,Home,4,No,Agency,4,1120376.44,280094.11,34,2,2,Lower-Value Property Buyers
C0497,Individual,Emma,Stewart,1985-02-02,F,USA,Arizona,Investment,4,Yes,Website,3,1330684.99,443561.66333333333,39,1,1,Higher-Value Property Buyers
C0498,Individual,Nancy,Collins,1948-11-21,F,Canada,Alberta,Home,2,Yes,Website,3,1007455.29,335818.43,75,2,2,Lower-Value Property Buyers
C0499,Individual,Lisa,Patterson,1946-10-02,F,USA,Colorado,Home,3,Yes,Agency,3,897769.81,299256.60333333333,77,2,2,Lower-Value Property Buyers
C0500,Individual,Dennis,Howard,1977-03-15,M,USA,California,Home,4,Yes,Website,3,1294944.52,431648.17333333334,47,1,1,Higher-Value Property Buyers
C0501,Individual,Kenneth,Jackson,1995-12-11,M,USA,Nevada,Investment,5,Yes,Agency,4,1741166.27,435291.5675,28,1,1,Higher-Value Property Buyers
C0502,Individual,Madison,Gray,1966-11-28,F,USA,Arizona,Home,4,No,Website,4,1537989.75,384497.4375,57,1,1,Higher-Value Property Buyers
C0503,Individual,Keith,Peterson,1943-09-26,M,USA,Utah,Investment,2,Yes,Client,4,1432167.34,358041.835,80,1,1,Higher-Value Property Buyers
C0504,Individual,Jeffrey,Green,1992-01-14,M,USA,Utah,Home,2,No,Website,4,1367188.58,341797.145,32,1,1,Higher-Value Property Buyers
C0505,Individual,Katherine,Wilson,1995-07-18,F,USA,Arizona,Home,3,No,Agency,3,1043535.21,347845.07,28,2,2,Lower-Value Property Buyers
C0506,Individual,Albert,Stone,1967-04-07,M,USA,California,Home,5,No,Agency,3,1122203.03,374067.6766666667,57,1,1,Higher-Value Property Buyers
C0507,Individual,Mark,Morales,1951-02-26,M,USA,New York,Home,3,No,Website,3,1062656.6099999999,354218.86999999994,73,2,2,Lower-Value Property Buyers
C0508,Individual,Grace,Weaver,1970-06-01,F,USA,Nevada,Home,5,No,Agency,3,833710.06,277903.35333333333,54,2,2,Lower-Value Property Buyers
C0509,Individual,Aaron,Cook,1956-02-04,M,Belgium,Wallonia,Home,3,No,Website,4,1687930.25,421982.5625,68,1,1,Higher-Value Property Buyers
C0510,Individual,Samantha,Evans,1947-08-28,F,France,Brittany,Investment,1,Yes,Website,3,1094232.67,364744.2233333333,76,2,2,Lower-Value Property Buyers
C0511,Individual,Christine,Parker,1954-07-20,F,UK,England,Home,2,No,Website,3,1090537.6,363512.5333333334,69,2,2,Lower-Value Property Buyers
C0512,Individual,Hannah,Flores,1945-06-27,F,USA,Arizona,Home,1,No,Client,3,1448158.1400000001,482719.38000000006,79,1,1,Higher-Value Property Buyers
C0513,Individual,Christian,Morales,1999-07-03,M,USA,Florida,Home,2,Yes,Agency,3,974596.63,324865.54333333333,25,2,2,Lower-Value Property Buyers
C0514,Individual,Rebecca,Evans,1977-08-17,F,USA,Oregon,Home,1,Yes,Website,4,1528027.54,382006.885,46,1,1,Higher-Value Property Buyers
C0515,Individual,Melissa,Patterson,1963-12-09,F,USA,California,Home,1,Yes,Website,4,1561824.93,390456.2325,60,1,1,Higher-Value Property Buyers
C0516,Individual,Lawrence,Nelson,1946-04-21,M,USA,Utah,Home,3,No,Website,4,1437837.49,359459.3725,78,1,1,Higher-Value Property Buyers
C0517,Individual,Harold,Thompson,1959-03-20,M,USA,California,Home,5,No,Client,4,1115807.0,278951.75,65,2,2,Lower-Value Property Buyers
C0518,Company,Lumina,Co,1962-05-22,F,USA,New York,Home,3,No,Website,4,1633111.65,408277.9125,62,1,1,Higher-Value Property Buyers
C0519,Individual,Madison,Freeman,1975-04-10,F,USA,Arizona,Investment,3,No,Agency,3,981719.26,327239.75333333336,49,2,2,Lower-Value Property Buyers
C0520,Individual,Helen,White,1970-11-02,F,USA,Oregon,Home,3,Yes,Agency,3,1033523.16,344507.72000000003,53,2,2,Lower-Value Property Buyers
C0521,Individual,Stephanie,Allen,1967-02-04,F,Canada,British Columbia,Home,3,No,Website,4,1074306.5,268576.625,57,2,2,Lower-Value Property Buyers
C0522,Individual,Nicole,Campbell,1942-07-13,F,USA,Virginia,Home,5,No,Agency,3,993023.13,331007.71,81,2,2,Lower-Value Property Buyers
C0523,Individual,Cynthia,Hansen,1960-08-22,F,USA,Colorado,Home,2,No,Agency,3,928962.95,309654.31666666665,63,2,2,Lower-Value Property Buyers
C0524,Individual,Harold,Thompson,1953-05-24,M,USA,Washington,Home,3,No,Website,3,801104.6900000001,267034.89666666667,71,2,2,Lower-Value Property Buyers
C0525,Individual,Frank,Gray,1950-12-06,M,USA,Arizona,Home,4,Yes,Agency,4,1629457.52,407364.38,73,1,1,Higher-Value Property Buyers
C0526,Individual,Harold,Green,1968-02-28,M,Germany,Bavaria,Home,5,No,Website,3,1301139.77,433713.25666666665,56,1,1,Higher-Value Property Buyers
C0527,Individual,Andrew,Baker,1979-07-19,M,USA,California,Home,2,No,Website,3,1138099.7,379366.56666666665,44,1,1,Higher-Value Property Buyers
C0528,Individual,Benjamin,Davis,2000-09-08,M,USA,Washington,Investment,2,No,Client,3,1118472.87,372824.29000000004,23,2,2,Lower-Value Property Buyers
C0529,Individual,Paul,Jordan,1973-11-14,M,USA,Nevada,Home,4,Yes,Website,4,1268138.95,317034.7375,50,2,2,Lower-Value Property Buyers
C0530,Individual,Patricia,Reed,1952-07-09,F,USA,Utah,Home,2,Yes,Agency,4,1559124.69,389781.1725,71,1,1,Higher-Value Property Buyers
C0531,Individual,Emily,White,1976-09-19,F,USA,California,Home,1,No,Website,4,1911300.7799999998,477825.19499999995,47,1,1,Higher-Value Property Buyers
C0532,Individual,Lauren,Moore,1979-12-08,F,Belgium,Flanders,Home,2,No,Website,4,1075202.77,268800.6925,44,2,2,Lower-Value Property Buyers
C0533,Individual,Jeffrey,Williams,1963-06-09,M,USA,Nevada,Investment,1,No,Agency,4,990028.19,247507.0475,61,2,2,Lower-Value Property Buyers
C0534,Individual,Bryan,Miller,1958-02-21,M,USA,California,Investment,1,No,Agency,3,1133195.2,377731.73333333334,66,2,2,Lower-Value Property Buyers
C0535,Individual,Judith,Allen,1987-12-22,F,UK,Wales,Home,3,No,Agency,3,1299053.94,433017.98,36,1,1,Higher-Value Property Buyers
C0536,Individual,Brittany,Weaver,1956-03-14,F,USA,Arizona,Investment,5,Yes,Website,3,983106.8400000001,327702.28,68,2,2,Lower-Value Property Buyers
C0537,Individual,Carl,Baker,1962-04-25,M,USA,Florida,Home,2,No,Client,4,1490327.5,372581.875,62,1,1,Higher-Value Property Buyers
C0538,Individual,Richard,Pierce,1969-04-23,M,USA,California,Home,1,Yes,Agency,4,1206897.7000000002,301724.42500000005,55,2,2,Lower-Value Property Buyers
C0539,Individual,Lawrence,Bryant,1991-02-25,M,USA,California,Investment,1,Yes,Agency,4,1645321.2,411330.3,33,1,1,Higher-Value Property Buyers
C0540,Individual,Anna,Long,1997-02-27,F,USA,New York,Home,3,No,Agency,3,494173.31,164724.43666666668,27,2,2,Lower-Value Property Buyers
C0541,Individual,Anthony,Garcia,2000-03-22,M,UK,Northern Ireland,Home,3,No,Agency,4,1721673.54,430418.385,24,1,1,Higher-Value Property Buyers
C0542,Company,Lumina,Co,1985-09-26,M,Mexico,Mexico City,Home,3,No,Website,4,1195819.4,298954.85,38,2,2,Lower-Value Property Buyers
C0543,Individual,Joan,Parker,1947-07-23,F,USA,Texas,Home,2,Yes,Website,3,753145.67,251048.55666666667,76,2,2,Lower-Value Property Buyers
C0544,Individual,Kevin,White,1974-10-16,M,USA,Utah,Home,2,No,Website,4,1636756.28,409189.07,49,1,1,Higher-Value Property Buyers
C0545,Individual,Paul,Griffin,1942-04-08,M,USA,Colorado,Home,1,Yes,Agency,3,1260126.39,420042.12999999995,82,1,1,Higher-Value Property Buyers
C0546,Individual,Samuel,Flores,1967-12-23,M,Canada,Manitoba,Home,4,No,Client,3,795528.06,265176.02,56,2,2,Lower-Value Property Buyers
C0547,Individual,Diane,Allen,1947-09-20,F,USA,California,Investment,2,No,Agency,4,1178457.95,294614.4875,76,2,2,Lower-Value Property Buyers
C0548,Individual,Christopher,Foster,1980-11-04,M,USA,California,Home,2,No,Agency,3,1047476.9299999999,349158.9766666666,43,2,2,Lower-Value Property Buyers
C0549,Individual,Daniel,Sanders,1972-10-15,M,USA,Florida,Home,4,No,Website,3,941219.76,313739.92,51,2,2,Lower-Value Property Buyers
C0550,Company,Vertex,Co,1967-09-04,F,USA,Nevada,Home,1,No,Agency,4,1414568.09,353642.0225,56,1,1,Higher-Value Property Buyers
C0551,Individual,Billy,Freeman,1960-05-17,M,USA,California,Investment,4,No,Website,3,1007397.56,335799.1866666667,64,2,2,Lower-Value Property Buyers
C0552,Individual,Kyle,Cook,1965-10-20,M,USA,Virginia,Investment,3,No,Agency,3,1141476.56,380492.1866666667,58,1,1,Higher-Value Property Buyers
C0553,Individual,James,Bell,1978-11-26,M,USA,Arizona,Home,3,No,Website,3,821534.9400000001,273844.98000000004,45,2,2,Lower-Value Property Buyers
C0554,Individual,Carl,Moore,1948-12-24,M,Australia,Victoria,Home,1,Yes,Agency,4,1643592.85,410898.2125,75,1,1,Higher-Value Property Buyers
C0555,Individual,Aaron,Nelson,1971-04-23,M,USA,California,Investment,4,Yes,Agency,3,1064533.27,354844.42333333334,53,2,2,Lower-Value Property Buyers
C0556,Individual,Zachary,Sanders,1958-10-17,M,USA,Colorado,Home,5,No,Website,3,1335478.18,445159.3933333333,65,1,1,Higher-Value Property Buyers
C0557,Individual,Judy,Griffin,1941-09-25,F,USA,Utah,Investment,2,No,Website,3,733161.98,244387.32666666666,82,2,2,Lower-Value Property Buyers
C0558,Individual,Cheryl,Wood,1974-10-23,F,Denmark,North Denmark,Home,3,No,Website,3,1033995.96,344665.32,49,2,2,Lower-Value Property Buyers
C0559,Company,Corvus,Co,1969-08-18,M,USA,California,Home,5,No,Client,4,1004028.87,251007.2175,54,2,2,Lower-Value Property Buyers
C0560,Individual,Janice,Nelson,1988-04-20,F,Australia,South Australia,Home,3,No,Website,3,1433718.12,477906.04000000004,36,1,1,Higher-Value Property Buyers
C0561,Company,Bravada,Co,1962-11-20,F,USA,Arizona,Investment,3,No,Website,4,1589252.43,397313.1075,61,1,1,Higher-Value Property Buyers
C0562,Individual,Judy,Peterson,1940-11-23,F,USA,Utah,Investment,5,Yes,Website,4,1423675.7200000002,355918.93000000005,83,1,1,Higher-Value Property Buyers
C0563,Individual,William,Howard,1991-01-22,M,USA,California,Home,2,Yes,Agency,4,1012807.9299999999,253201.98249999998,33,2,2,Lower-Value Property Buyers
C0564,Individual,Scott,Adams,1952-02-09,M,USA,Texas,Home,1,No,Agency,3,1135017.6,378339.2,72,2,2,Lower-Value Property Buyers
C0565,Individual,Austin,Wood,1985-09-26,M,France,Brittany,Home,1,No,Website,3,1043494.3200000001,347831.44,38,2,2,Lower-Value Property Buyers
C0566,Individual,Janice,Miller,2000-09-12,F,USA,Oregon,Investment,4,Yes,Agency,4,1167701.9,291925.475,23,2,2,Lower-Value Property Buyers
C0567,Individual,Megan,Chavez,1953-07-10,F,Russia,Saint Petersburg,Investment,2,Yes,Agency,4,1869286.1,467321.525,70,1,1,Higher-Value Property Buyers
C0568,Individual,Timothy,Wright,1953-04-09,M,USA,California,Home,3,No,Website,3,944335.88,314778.62666666665,71,2,2,Lower-Value Property Buyers
C0569,Individual,Mary,Cook,1971-05-12,F,USA,California,Home,5,Yes,Client,3,1384749.3,461583.10000000003,53,1,1,Higher-Value Property Buyers
C0570,Individual,Hannah,Peterson,1965-03-06,F,France,Occitanie,Home,5,Yes,Website,4,1527210.47,381802.6175,59,1,1,Higher-Value Property Buyers
C0571,Individual,Adam,Chavez,1966-03-07,M,USA,California,Home,3,No,Website,4,1549969.49,387492.3725,58,1,1,Higher-Value Property Buyers
C0572,Individual,Ann,Johnson,1993-12-11,F,USA,California,Investment,5,No,Website,4,1519677.44,379919.36,30,1,1,Higher-Value Property Buyers
C0573,Company,Altira,Co,1977-04-24,M,USA,Georgia,Home,4,Yes,Agency,3,785842.76,261947.58666666667,47,2,2,Lower-Value Property Buyers
C0574,Individual,Gerald,Cox,1968-09-15,M,USA,California,Home,2,No,Agency,4,1261906.32,315476.58,55,2,2,Lower-Value Property Buyers
C0575,Individual,Brian,Hansen,1966-01-21,M,USA,California,Investment,2,No,Website,3,1018391.27,339463.75666666665,58,2,2,Lower-Value Property Buyers
C0576,Individual,Terry,Reyes,1959-02-24,M,Germany,Hamburg,Home,1,No,Client,3,1047406.79,349135.5966666667,65,2,2,Lower-Value Property Buyers
C0577,Individual,Christopher,Miller,1989-05-18,M,USA,Arizona,Home,3,No,Website,3,693899.0099999999,231299.66999999995,35,2,2,Lower-Value Property Buyers
C0578,Individual,Lauren,Rogers,1999-07-22,F,USA,Arizona,Home,5,Yes,Client,3,707276.53,235758.84333333335,24,2,2,Lower-Value Property Buyers
C0579,Individual,Christopher,Ward,1941-04-09,M,USA,Texas,Investment,3,No,Website,3,1198428.6400000001,399476.2133333334,83,1,1,Higher-Value Property Buyers
C0580,Individual,Heather,Watson,1948-01-11,F,USA,California,Home,2,Yes,Client,4,2158954.7800000003,539738.6950000001,76,1,1,Higher-Value Property Buyers
C0581,Individual,Kimberly,Stewart,1957-12-21,F,USA,California,Investment,5,Yes,Website,4,1029755.56,257438.89,66,2,2,Lower-Value Property Buyers
C0582,Individual,Teresa,Pierce,1940-10-02,F,USA,Washington,Investment,3,Yes,Website,3,708559.1499999999,236186.3833333333,83,2,2,Lower-Value Property Buyers
C0583,Individual,Kevin,Scott,1986-10-27,M,USA,California,Home,2,No,Agency,4,1237228.18,309307.045,37,2,2,Lower-Value Property Buyers
C0584,Individual,Janice,Taylor,1982-03-11,F,USA,California,Home,5,No,Website,3,1135691.62,378563.87333333335,42,1,1,Higher-Value Property Buyers
C0585,Individual,Anthony,Edwards,1961-07-02,M,USA,Colorado,Home,3,No,Agency,4,1003690.1799999999,250922.54499999998,62,2,2,Lower-Value Property Buyers
C0586,Individual,Noah,Morales,1977-06-14,M,USA,California,Home,2,Yes,Client,3,1226524.31,408841.4366666667,47,1,1,Higher-Value Property Buyers
C0587,Individual,Pamela,Richardson,1992-11-24,F,USA,New York,Home,4,No,Website,4,1093439.8399999999,273359.95999999996,32,2,2,Lower-Value Property Buyers
C0588,Individual,Janice,White,1989-11-20,F,USA,Florida,Home,2,No,Website,4,1495976.1400000001,373994.03500000003,34,1,1,Higher-Value Property Buyers
C0589,Individual,Christopher,Williams,1946-09-21,M,USA,Texas,Investment,5,No,Client,4,1982246.22,495561.555,77,1,1,Higher-Value Property Buyers
C0590,Individual,Arthur,Campbell,1966-09-16,M,UK,Scotland,Investment,2,No,Website,4,1105388.8900000001,276347.22250000003,57,2,2,Lower-Value Property Buyers
C0591,Individual,Dorothy,Long,1968-03-09,F,USA,Nevada,Home,1,No,Website,3,1336217.65,445405.8833333333,56,1,1,Higher-Value Property Buyers
C0592,Individual,Roger,Moore,1972-06-03,M,USA,Arizona,Investment,2,No,Client,3,787516.58,262505.5266666667,52,2,2,Lower-Value Property Buyers
C0593,Individual,Elizabeth,Carter,1952-08-08,F,USA,California,Home,2,Yes,Agency,4,2012063.38,503015.845,71,1,1,Higher-Value Property Buyers
C0594,Individual,Diane,Patterson,1942-02-08,F,USA,Utah,Home,1,No,Agency,3,1137572.87,379190.9566666667,82,2,2,Lower-Value Property Buyers
C0595,Individual,Anna,Murray,1966-06-10,F,USA,Utah,Home,3,No,Agency,3,914304.97,304768.3233333333,58,2,2,Lower-Value Property Buyers
C0596,Individual,Gerald,Phillips,1976-04-17,M,USA,Nevada,Home,4,No,Agency,4,1094771.49,273692.8725,49,2,2,Lower-Value Property Buyers
C0597,Individual,Peter,King,1986-02-17,M,UK,Northern Ireland,Home,2,Yes,Website,3,976844.1699999999,325614.7233333333,38,2,2,Lower-Value Property Buyers
C0598,Individual,Jacob,Gray,1949-06-24,M,USA,Colorado,Investment,4,No,Website,4,1398930.7000000002,349732.67500000005,76,1,1,Higher-Value Property Buyers
C0599,Individual,Jennifer,Turner,1998-03-19,F,Canada,Alberta,Home,2,No,Agency,3,1162815.78,387605.26,26,1,1,Higher-Value Property Buyers
C0600,Individual,Thomas,King,1984-03-17,M,USA,Oregon,Investment,1,No,Client,3,917709.61,305903.2033333333,40,2,2,Lower-Value Property Buyers
C0601,Individual,Lisa,Nelson,1972-10-16,F,USA,California,Home,4,No,Website,4,1700411.72,425102.93,51,1,1,Higher-Value Property Buyers
C0602,Individual,Albert,Hayes,1984-03-24,M,Germany,Bavaria,Home,4,No,Agency,4,905508.82,226377.205,40,2,2,Lower-Value Property Buyers
C0603,Individual,Diane,Thompson,1994-07-01,F,USA,New York,Home,4,Yes,Agency,4,1218095.3,304523.825,30,2,2,Lower-Value Property Buyers
C0604,Individual,Danielle,Montgomery,1998-09-17,F,Belgium,Wallonia,Home,1,No,Agency,3,791133.03,263711.01,25,2,2,Lower-Value Property Buyers
C0605,Individual,Nathan,Flores,1974-06-28,M,USA,Utah,Home,4,Yes,Agency,4,1407314.33,351828.5825,50,1,1,Higher-Value Property Buyers
C0606,Individual,Carolyn,Stone,1949-12-25,F,France,Ile-de-France,Investment,1,No,Website,3,1070969.53,356989.8433333333,74,2,2,Lower-Value Property Buyers
C0607,Individual,Daniel,Edwards,1962-09-14,M,USA,California,Home,1,No,Agency,3,1125230.1199999999,375076.7066666666,61,2,2,Lower-Value Property Buyers
C0608,Individual,Jerry,Adams,1956-06-14,M,USA,California,Home,4,No,Agency,4,1201411.56,300352.89,68,2,2,Lower-Value Property Buyers
C0609,Individual,Julia,Richardson,1961-05-22,F,USA,Washington,Home,4,No,Agency,4,1307567.64,326891.91,63,2,2,Lower-Value Property Buyers
C0610,Individual,Ann,Owens,1970-10-05,F,USA,California,Investment,4,No,Website,3,1178597.68,392865.8933333333,53,1,1,Higher-Value Property Buyers
C0611,Individual,Jacob,Price,1950-06-12,M,USA,California,Home,4,No,Agency,4,1142671.94,285667.985,74,2,2,Lower-Value Property Buyers
C0612,Individual,Kevin,Wood,1960-01-26,M,USA,Florida,Home,4,No,Agency,4,1671846.3,417961.575,64,1,1,Higher-Value Property Buyers
C0613,Individual,Cynthia,Cox,1995-02-10,F,Australia,Victoria,Home,4,No,Agency,3,1186019.52,395339.84,29,1,1,Higher-Value Property Buyers
C0614,Individual,George,Bryant,1972-07-01,M,UK,Wales,Home,3,Yes,Website,4,1025958.38,256489.595,52,2,2,Lower-Value Property Buyers
C0615,Individual,Jordan,King,1957-12-01,M,USA,Utah,Home,2,Yes,Website,4,919002.01,229750.5025,66,2,2,Lower-Value Property Buyers
C0616,Individual,Julie,Brooks,1963-04-17,F,USA,Virginia,Investment,1,Yes,Agency,3,1013364.3,337788.10000000003,61,2,2,Lower-Value Property Buyers
C0617,Individual,Carolyn,Evans,1986-07-10,F,USA,Ohio,Home,5,Yes,Website,3,766861.21,255620.40333333332,37,2,2,Lower-Value Property Buyers
C0618,Individual,Austin,Taylor,1968-11-05,M,USA,Texas,Home,3,No,Agency,3,982803.0,327601.0,55,2,2,Lower-Value Property Buyers
C0619,Individual,Heather,Morales,1970-04-25,F,USA,Washington,Home,4,No,Website,3,1411977.41,470659.13666666666,54,1,1,Higher-Value Property Buyers
C0620,Individual,Sarah,Howard,1960-04-22,F,France,Brittany,Home,3,No,Website,3,1532429.29,510809.76333333337,64,1,1,Higher-Value Property Buyers
C0621,Individual,Jonathan,Turner,1982-02-13,M,Germany,Bavaria,Investment,3,Yes,Agency,3,791609.11,263869.7033333333,42,2,2,Lower-Value Property Buyers
C0622,Individual,Katherine,Ward,1987-09-10,F,USA,Washington,Investment,2,No,Client,3,869334.73,289778.24333333335,36,2,2,Lower-Value Property Buyers
C0623,Individual,Jonathan,Adams,1986-04-27,M,USA,Florida,Investment,3,Yes,Client,4,1410333.45,352583.3625,38,1,1,Higher-Value Property Buyers
C0624,Individual,Carl,Jordan,2000-02-09,M,USA,Nevada,Investment,3,No,Agency,3,1215611.54,405203.8466666667,24,1,1,Higher-Value Property Buyers
C0625,Individual,Deborah,Hayes,1983-08-07,F,Belgium,Flanders,Investment,2,Yes,Agency,4,1000166.88,250041.72,40,2,2,Lower-Value Property Buyers
C0626,Individual,Sara,Jones,1968-06-13,F,Germany,Hamburg,Investment,2,No,Website,3,1061694.1300000001,353898.0433333334,56,2,2,Lower-Value Property Buyers
C0627,Individual,Katherine,Johnson,2000-07-11,F,USA,Arizona,Home,3,No,Agency,4,1870806.42,467701.605,23,1,1,Higher-Value Property Buyers
C0628,Individual,Arthur,Campbell,1985-05-16,M,Canada,British Columbia,Home,3,Yes,Agency,4,1623109.63,405777.4075,39,1,1,Higher-Value Property Buyers
C0629,Individual,Maria,Richardson,1946-09-07,F,USA,California,Investment,2,No,Agency,3,961721.77,320573.92333333334,77,2,2,Lower-Value Property Buyers
C0630,Individual,Stephen,Roberts,1965-07-28,M,USA,California,Home,2,No,Website,4,1308077.6099999999,327019.40249999997,58,2,2,Lower-Value Property Buyers
C0631,Individual,Dorothy,Flores,1966-11-12,F,USA,California,Home,5,No,Website,4,1534891.22,383722.805,57,1,1,Higher-Value Property Buyers
C0632,Individual,Thomas,Nelson,1948-05-16,M,UK,Northern Ireland,Home,4,No,Website,4,1146845.98,286711.495,76,2,2,Lower-Value Property Buyers
C0633,Individual,Ann,Owens,1941-12-05,F,USA,Nevada,Home,3,No,Agency,4,1207516.26,301879.065,82,2,2,Lower-Value Property Buyers
C0634,Individual,Justin,Ward,1980-11-17,M,USA,Washington,Investment,4,Yes,Website,3,1181693.63,393897.87666666665,43,1,1,Higher-Value Property Buyers
C0635,Individual,Kimberly,King,1960-06-14,F,UK,Scotland,Investment,5,No,Website,3,1375700.03,458566.6766666667,64,1,1,Higher-Value Property Buyers
C0636,Individual,Kathleen,Rogers,1980-10-11,F,France,Brittany,Home,5,No,Website,4,981810.0800000001,245452.52000000002,43,2,2,Lower-Value Property Buyers
C0637,Individual,Catherine,Stone,1967-08-14,F,USA,California,Home,2,No,Website,4,1602478.07,400619.5175,56,1,1,Higher-Value Property Buyers
C0638,Individual,Jason,King,1975-04-02,M,USA,Ohio,Home,5,Yes,Website,4,1347045.42,336761.355,49,1,1,Higher-Value Property Buyers
C0639,Individual,Mark,Campbell,1961-03-03,M,UK,Scotland,Home,3,Yes,Website,3,861670.72,287223.5733333333,64,2,2,Lower-Value Property Buyers
C0640,Individual,Emily,Thompson,1967-01-03,F,USA,Utah,Home,3,No,Agency,3,772950.1699999999,257650.05666666664,57,2,2,Lower-Value Property Buyers
C0641,Company,Zynex,Co,1994-02-26,M,USA,Arizona,Home,2,No,Agency,3,1217213.26,405737.75333333336,30,1,1,Higher-Value Property Buyers
C0642,Individual,Julia,Reyes,1967-11-21,F,USA,California,Home,4,No,Website,3,1027140.61,342380.2033333333,56,2,2,Lower-Value Property Buyers
C0643,Individual,Samantha,Richardson,1974-05-05,F,USA,California,Home,5,No,Website,3,928645.01,309548.33666666667,50,2,2,Lower-Value Property Buyers
C0644,Individual,Teresa,Johnson,1956-08-25,F,USA,California,Home,4,Yes,Agency,3,1549624.23,516541.41,67,1,1,Higher-Value Property Buyers
C0645,Individual,Arthur,Cox,1988-07-18,M,USA,Nevada,Home,2,No,Client,3,731453.53,243817.84333333335,36,2,2,Lower-Value Property Buyers
C0646,Individual,Cynthia,Campbell,1995-07-21,F,USA,Arizona,Investment,5,No,Agency,3,1325311.83,441770.61000000004,28,1,1,Higher-Value Property Buyers
C0647,Individual,Victoria,Green,1946-06-02,F,USA,California,Home,4,No,Agency,4,2115520.42,528880.105,79,1,1,Higher-Value Property Buyers
C0648,Individual,Stephanie,Reed,1999-02-03,F,USA,California,Home,1,Yes,Website,4,1142985.38,285746.345,25,2,2,Lower-Value Property Buyers
C0649,Individual,Patricia,Mitchell,1995-01-03,F,USA,California,Home,4,No,Agency,4,1401448.51,350362.1275,29,1,1,Higher-Value Property Buyers
C0650,Company,Polaris,Co,1976-02-19,M,France,Occitanie,Home,3,Yes,Client,3,799742.26,266580.75333333336,48,2,2,Lower-Value Property Buyers
C0651,Company,Horizon,Co,1993-01-14,M,USA,Washington,Home,1,No,Agency,4,1077094.73,269273.6825,31,2,2,Lower-Value Property Buyers
C0652,Individual,Heather,Johnson,1993-08-12,F,USA,Washington,Home,2,No,Website,3,904157.22,301385.74,30,2,2,Lower-Value Property Buyers
C0653,Individual,Gerald,Adams,1970-07-22,M,USA,Ohio,Home,2,No,Client,4,1215543.15,303885.7875,53,2,2,Lower-Value Property Buyers
C0654,Individual,Eric,Griffin,1960-07-05,M,USA,New York,Home,2,Yes,Website,3,865293.89,288431.2966666667,64,2,2,Lower-Value Property Buyers
C0655,Individual,Patricia,King,1950-05-19,F,USA,Nevada,Home,1,Yes,Agency,3,1071763.22,357254.4066666667,74,2,2,Lower-Value Property Buyers
C0656,Individual,Amber,Allen,1977-08-02,F,USA,Colorado,Home,5,No,Client,4,1288383.38,322095.845,46,2,2,Lower-Value Property Buyers
C0657,Individual,Alexander,Allen,1956-09-26,M,USA,California,Home,2,No,Agency,3,1258111.3199999998,419370.43999999994,67,1,1,Higher-Value Property Buyers
C0658,Individual,Kelly,Green,1999-12-13,F,USA,Virginia,Home,3,Yes,Agency,3,1122021.28,374007.0933333333,24,1,1,Higher-Value Property Buyers
C0659,Individual,Sara,Foster,1988-06-10,F,USA,California,Home,4,Yes,Agency,4,1000550.86,250137.715,37,2,2,Lower-Value Property Buyers
C0660,Individual,Charles,Kim,1991-10-08,M,USA,Arizona,Home,4,Yes,Client,3,1148308.35,382769.45,32,1,1,Higher-Value Property Buyers
C0661,Individual,Deborah,Williams,1961-06-25,F,Canada,Manitoba,Home,3,No,Website,4,1627713.0499999998,406928.26249999995,63,1,1,Higher-Value Property Buyers
C0662,Individual,Stephanie,Kim,1957-08-25,F,USA,California,Investment,3,No,Website,4,1520239.97,380059.9925,66,1,1,Higher-Value Property Buyers
C0663,Individual,Anthony,Flores,1958-02-02,M,USA,California,Home,2,Yes,Agency,4,1544313.34,386078.335,66,1,1,Higher-Value Property Buyers
C0664,Individual,Lawrence,Wood,1958-08-17,M,Canada,Alberta,Investment,5,Yes,Website,4,1063024.57,265756.1425,65,2,2,Lower-Value Property Buyers
C0665,Individual,Robert,Adams,1959-08-27,M,USA,Colorado,Investment,1,No,Agency,3,704886.02,234962.00666666668,64,2,2,Lower-Value Property Buyers
C0666,Individual,Maria,Davis,1948-09-10,F,USA,California,Investment,1,No,Website,4,1532074.27,383018.5675,75,1,1,Higher-Value Property Buyers
C0667,Individual,Anthony,Mitchell,1966-07-07,M,USA,Arizona,Investment,2,No,Agency,4,1486560.06,371640.015,57,1,1,Higher-Value Property Buyers
C0668,Individual,Margaret,Peterson,1978-11-15,F,France,Ile-de-France,Investment,4,Yes,Website,4,987175.01,246793.7525,45,2,2,Lower-Value Property Buyers
C0669,Individual,Cheryl,Bell,1958-03-18,F,Canada,British Columbia,Home,3,No,Agency,3,1366533.49,455511.16333333333,66,1,1,Higher-Value Property Buyers
C0670,Company,Altira,Co,1976-06-18,M,USA,Nevada,Investment,4,No,Website,3,1631973.5499999998,543991.1833333332,48,1,1,Higher-Value Property Buyers
C0671,Individual,Jerry,Pierce,1941-09-12,M,USA,Colorado,Home,4,Yes,Client,3,759678.12,253226.04,83,2,2,Lower-Value Property Buyers
C0672,Individual,Amber,Williams,1967-10-03,F,USA,California,Home,2,No,Website,3,1301968.05,433989.35000000003,56,1,1,Higher-Value Property Buyers
C0673,Individual,Janice,Hayes,1965-10-19,F,USA,California,Home,4,No,Website,3,870503.9000000001,290167.96666666673,58,2,2,Lower-Value Property Buyers
C0674,Individual,Judy,Turner,1986-05-26,F,USA,California,Investment,4,No,Website,4,1733438.52,433359.63,38,1,1,Higher-Value Property Buyers
C0675,Individual,Andrea,Wright,1969-12-23,F,USA,Texas,Home,5,No,Website,3,1117159.17,372386.38999999996,54,1,1,Higher-Value Property Buyers
C0676,Individual,Lisa,Davis,1942-12-06,F,USA,Nevada,Home,2,No,Agency,3,1022396.03,340798.6766666667,81,2,2,Lower-Value Property Buyers
C0677,Individual,Jerry,Miller,1981-02-09,M,USA,Arizona,Investment,2,No,Agency,4,1217015.1099999999,304253.77749999997,43,2,2,Lower-Value Property Buyers
C0678,Individual,Joseph,Watson,1972-10-19,M,USA,California,Home,4,Yes,Website,3,904050.87,301350.29,51,2,2,Lower-Value Property Buyers
C0679,Individual,Lisa,Patterson,1964-02-12,F,USA,Nevada,Home,1,No,Agency,4,1945371.6800000002,486342.92000000004,60,1,1,Higher-Value Property Buyers
C0680,Individual,Andrew,Griffin,1965-04-16,M,USA,Utah,Investment,2,No,Agency,4,1533727.71,383431.9275,59,1,1,Higher-Value Property Buyers
C0681,Company,Helios,Co,1977-04-25,F,USA,California,Home,3,No,Agency,4,736696.97,184174.2425,47,2,2,Lower-Value Property Buyers
C0682,Individual,Donald,Bennett,1973-12-06,M,USA,California,Home,5,No,Website,4,1436006.22,359001.555,50,1,1,Higher-Value Property Buyers
C0683,Individual,Patrick,Jordan,1948-08-20,M,USA,Colorado,Home,2,Yes,Agency,3,1216565.53,405521.8433333333,75,1,1,Higher-Value Property Buyers
C0684,Individual,Donald,Miller,1985-05-10,M,USA,California,Home,1,No,Agency,4,1402625.45,350656.3625,39,1,1,Higher-Value Property Buyers
C0685,Individual,Sharon,Hansen,1987-04-18,F,USA,Washington,Home,5,No,Agency,3,1129835.06,376611.6866666667,38,1,1,Higher-Value Property Buyers
C0686,Individual,Michael,Howard,1963-11-17,M,USA,California,Home,1,Yes,Website,3,1250166.33,416722.11000000004,60,1,1,Higher-Value Property Buyers
C0687,Individual,Susan,Long,1959-03-01,F,USA,Utah,Home,3,Yes,Website,4,1532604.0,383151.0,65,1,1,Higher-Value Property Buyers
C0688,Individual,Kathleen,Howard,1968-04-12,F,USA,Colorado,Investment,5,Yes,Website,4,1093762.42,273440.605,56,2,2,Lower-Value Property Buyers
C0689,Individual,Ann,Williams,1998-04-17,F,USA,California,Home,4,No,Website,3,1051259.37,350419.79000000004,27,2,2,Lower-Value Property Buyers
C0690,Individual,Janet,Stewart,1985-09-09,F,USA,Oregon,Home,4,Yes,Agency,4,1402023.24,350505.81,38,1,1,Higher-Value Property Buyers
C0691,Individual,Kenneth,Bell,1943-07-22,M,USA,California,Investment,4,No,Agency,4,948552.89,237138.2225,80,2,2,Lower-Value Property Buyers
C0692,Individual,Adam,Roberts,1964-03-14,M,USA,Georgia,Investment,3,No,Agency,4,1206585.87,301646.4675,60,2,2,Lower-Value Property Buyers
C0693,Individual,Jesse,Chavez,1957-04-28,M,USA,California,Investment,5,Yes,Agency,4,1831502.92,457875.73,67,1,1,Higher-Value Property Buyers
C0694,Company,Sterling,Co,1989-07-13,M,UK,Scotland,Investment,2,No,Website,4,1287767.07,321941.7675,34,2,2,Lower-Value Property Buyers
C0695,Individual,Timothy,Rogers,1947-03-24,M,USA,Washington,Home,4,No,Website,3,870451.65,290150.55,77,2,2,Lower-Value Property Buyers
C0696,Individual,Carol,Green,1994-06-03,F,USA,Washington,Investment,5,Yes,Agency,4,1417025.49,354256.3725,30,1,1,Higher-Value Property Buyers
C0697,Individual,Bryan,Mitchell,1986-01-11,M,USA,California,Investment,4,Yes,Agency,4,1203571.2,300892.8,38,2,2,Lower-Value Property Buyers
C0698,Individual,Maria,Scott,1946-07-16,F,USA,California,Home,2,Yes,Website,4,1560635.51,390158.8775,77,1,1,Higher-Value Property Buyers
C0699,Individual,Stephen,Bennett,1986-12-22,M,USA,Washington,Home,1,Yes,Agency,3,1292445.15,430815.05,37,1,1,Higher-Value Property Buyers
C0700,Individual,Christine,Sanders,1944-04-14,F,USA,Washington,Home,5,No,Website,3,724453.7,241484.56666666665,80,2,2,Lower-Value Property Buyers
C0701,Individual,Danielle,Peterson,1962-09-17,F,UK,England,Investment,1,No,Website,4,1318537.76,329634.44,61,2,2,Lower-Value Property Buyers
C0702,Individual,Nicholas,Flores,1966-07-24,M,USA,Arizona,Home,5,No,Agency,3,1215022.0,405007.3333333333,57,1,1,Higher-Value Property Buyers
C0703,Company,Elara,Co,1984-05-15,M,USA,Colorado,Home,3,No,Website,3,938073.5700000001,312691.19,40,2,2,Lower-Value Property Buyers
C0704,Individual,Nicole,Jordan,1942-01-23,F,USA,Georgia,Home,4,No,Agency,3,1130778.86,376926.2866666667,82,2,2,Lower-Value Property Buyers
C0705,Individual,Timothy,Murray,1940-12-18,M,USA,Nevada,Home,3,No,Website,3,1643383.67,547794.5566666666,83,1,1,Higher-Value Property Buyers
C0706,Individual,Kyle,Thomas,1984-06-23,M,UK,England,Investment,2,No,Client,3,1034954.84,344984.94666666666,40,2,2,Lower-Value Property Buyers
C0707,Individual,Zachary,Richardson,1995-09-23,M,USA,Virginia,Home,5,Yes,Website,4,1171255.22,292813.805,28,2,2,Lower-Value Property Buyers
C0708,Individual,Brian,Cook,1964-11-28,M,USA,California,Home,2,No,Client,3,1539340.8699999999,513113.6233333333,59,1,1,Higher-Value Property Buyers
C0709,Individual,Samantha,Price,1982-06-11,F,USA,Georgia,Home,2,Yes,Agency,4,1233960.52,308490.13,42,2,2,Lower-Value Property Buyers
C0710,Individual,Kyle,Bryant,1946-08-18,M,USA,Oregon,Home,2,Yes,Agency,4,1158001.3599999999,289500.33999999997,77,2,2,Lower-Value Property Buyers
C0711,Individual,Victoria,Hughes,1995-10-20,F,USA,California,Investment,3,No,Agency,4,1045658.54,261414.635,28,2,2,Lower-Value Property Buyers
C0712,Individual,Joseph,Scott,1991-01-21,M,USA,California,Home,1,No,Agency,3,701688.31,233896.10333333336,33,2,2,Lower-Value Property Buyers
C0713,Individual,Debra,Thomas,1997-02-14,F,USA,California,Investment,3,No,Agency,3,946537.74,315512.58,27,2,2,Lower-Value Property Buyers
C0714,Individual,Kyle,Murray,1977-03-01,M,Russia,Saint Petersburg,Home,3,No,Website,3,1520218.18,506739.3933333333,47,1,1,Higher-Value Property Buyers
C0715,Individual,Janice,Wilson,1982-05-08,F,USA,Utah,Home,3,No,Website,3,1151372.75,383790.9166666667,42,1,1,Higher-Value Property Buyers
C0716,Individual,Jordan,Davis,1994-10-24,M,UK,Northern Ireland,Home,1,No,Client,3,1173245.74,391081.91333333333,29,1,1,Higher-Value Property Buyers
C0717,Individual,Virginia,Weaver,1946-09-06,F,USA,Arizona,Investment,3,Yes,Agency,3,1000529.6699999999,333509.88999999996,77,2,2,Lower-Value Property Buyers
C0718,Individual,Martha,Scott,1944-08-10,F,France,Ile-de-France,Home,2,Yes,Website,3,900157.9099999999,300052.63666666666,79,2,2,Lower-Value Property Buyers
C0719,Individual,Jason,Jordan,1974-02-07,M,USA,California,Investment,2,Yes,Agency,3,912916.77,304305.59,50,2,2,Lower-Value Property Buyers
C0720,Individual,Shirley,Wilson,1981-05-17,F,USA,California,Investment,1,Yes,Agency,4,844316.69,211079.1725,43,2,2,Lower-Value Property Buyers
C0721,Individual,Julia,Jordan,1999-07-03,F,USA,Florida,Home,4,No,Website,4,1167212.02,291803.005,25,2,2,Lower-Value Property Buyers
C0722,Individual,Carol,Sanders,1943-11-09,F,USA,Texas,Home,1,No,Website,3,936104.05,312034.68333333335,80,2,2,Lower-Value Property Buyers
C0723,Individual,Ann,Hansen,1999-04-19,F,Germany,North Rhine-Westphalia,Home,3,Yes,Website,3,1554043.79,518014.5966666667,25,1,1,Higher-Value Property Buyers
C0724,Individual,Samuel,Howard,1960-09-27,M,USA,Arizona,Investment,4,Yes,Agency,4,1564795.28,391198.82,63,1,1,Higher-Value Property Buyers
C0725,Individual,Katherine,Jones,1983-03-07,F,USA,New York,Home,3,No,Website,3,1557779.53,519259.8433333333,41,1,1,Higher-Value Property Buyers
C0726,Individual,Melissa,Harris,1977-01-25,F,USA,Georgia,Home,4,No,Website,4,1055406.17,263851.5425,47,2,2,Lower-Value Property Buyers
C0727,Individual,Ronald,Bell,1941-08-24,M,USA,California,Investment,3,Yes,Client,4,1924218.25,481054.5625,82,1,1,Higher-Value Property Buyers
C0728,Individual,Jason,Jones,1971-07-23,M,USA,California,Home,3,Yes,Agency,3,896046.43,298682.14333333337,52,2,2,Lower-Value Property Buyers
C0729,Individual,Raymond,Long,1944-04-01,M,USA,Washington,Investment,3,Yes,Agency,3,1100578.42,366859.4733333333,80,2,2,Lower-Value Property Buyers
C0730,Individual,Gregory,Baker,1988-09-05,M,USA,California,Investment,4,No,Website,3,1395460.54,465153.51333333337,35,1,1,Higher-Value Property Buyers
C0731,Individual,Larry,Harris,2000-10-18,M,USA,California,Home,5,No,Agency,4,2163873.35,540968.3375,23,1,1,Higher-Value Property Buyers
C0732,Individual,Justin,Peterson,1985-03-03,M,USA,Oregon,Home,5,No,Website,4,1763602.47,440900.6175,39,1,1,Higher-Value Property Buyers
C0733,Individual,Susan,White,1976-03-01,F,USA,Nevada,Home,5,No,Agency,3,1610480.1,536826.7000000001,48,1,1,Higher-Value Property Buyers
C0734,Individual,Danielle,Ward,1981-06-27,F,USA,Virginia,Investment,5,Yes,Client,3,894573.22,298191.0733333333,43,2,2,Lower-Value Property Buyers
C0735,Individual,Matthew,Long,1994-10-08,M,Germany,Hesse,Investment,4,No,Website,3,1082670.51,360890.17,29,2,2,Lower-Value Property Buyers
C0736,Individual,Jordan,Campbell,1942-06-13,M,USA,Utah,Investment,3,No,Agency,3,961660.45,320553.48333333334,82,2,2,Lower-Value Property Buyers
C0737,Individual,Harold,Harris,1978-08-15,M,USA,California,Investment,3,No,Agency,3,1271295.42,423765.13999999996,45,1,1,Higher-Value Property Buyers
C0738,Individual,Jose,White,1980-09-21,M,USA,Texas,Home,5,No,Website,4,1217179.49,304294.8725,43,2,2,Lower-Value Property Buyers
C0739,Individual,Albert,Turner,1965-03-16,M,USA,California,Home,2,No,Agency,4,1239915.48,309978.87,59,2,2,Lower-Value Property Buyers
C0740,Individual,Julia,Bell,1966-08-12,F,USA,Utah,Investment,1,No,Client,3,1150084.72,383361.5733333333,57,2,2,Lower-Value Property Buyers
C0741,Individual,Sandra,Stone,1962-11-08,F,USA,California,Home,2,No,Website,3,808100.3,269366.76666666666,62,2,2,Lower-Value Property Buyers
C0742,Individual,Bryan,Howard,1980-08-21,M,UK,Wales,Home,1,Yes,Website,3,943082.4199999999,314360.80666666664,43,2,2,Lower-Value Property Buyers
C0743,Individual,Joshua,Allen,1972-10-09,M,USA,Oregon,Investment,4,Yes,Website,3,973707.31,324569.10333333333,51,2,2,Lower-Value Property Buyers
C0744,Individual,Helen,Morales,1950-10-11,F,USA,Virginia,Home,1,No,Website,3,947393.7,315797.89999999997,73,2,2,Lower-Value Property Buyers
C0745,Individual,Emily,Collins,1997-06-18,F,USA,California,Investment,5,No,Website,4,1137226.12,284306.53,27,2,2,Lower-Value Property Buyers
C0746,Individual,Gary,Reyes,1956-10-13,M,UK,Scotland,Home,4,No,Website,4,1485041.45,371260.3625,67,1,1,Higher-Value Property Buyers
C0747,Individual,George,Patterson,1992-04-18,M,USA,Florida,Home,4,Yes,Website,3,1321142.35,440380.7833333334,32,1,1,Higher-Value Property Buyers
C0748,Company,Vantage,Co,1974-05-03,F,USA,California,Home,1,Yes,Client,3,1188736.23,396245.41,51,1,1,Higher-Value Property Buyers
C0749,Individual,Dorothy,Anderson,1992-11-26,F,USA,New York,Home,5,No,Agency,3,1170883.93,390294.6433333333,31,1,1,Higher-Value Property Buyers
C0750,Individual,Janice,Price,1976-08-06,F,USA,Nevada,Investment,1,No,Agency,3,887696.78,295898.9266666667,47,2,2,Lower-Value Property Buyers
C0751,Individual,Keith,Parker,1974-09-19,M,USA,California,Home,5,No,Client,4,1055948.97,263987.2425,49,2,2,Lower-Value Property Buyers
C0752,Individual,Lisa,Young,1954-12-17,F,Belgium,Brussels,Investment,3,No,Agency,4,836214.24,209053.56,69,2,2,Lower-Value Property Buyers
C0753,Individual,Nicholas,Patterson,1960-12-22,M,Germany,Hamburg,Home,5,No,Website,4,1053102.32,263275.58,63,2,2,Lower-Value Property Buyers
C0754,Individual,Teresa,Johnson,1970-08-17,F,USA,Arizona,Investment,3,No,Website,4,1300009.56,325002.39,53,2,2,Lower-Value Property Buyers
C0755,Company,Celera,Co,1967-12-23,F,USA,California,Home,5,No,Website,3,1040997.25,346999.0833333333,57,2,2,Lower-Value Property Buyers
C0756,Individual,Jessica,Patterson,1963-03-19,F,USA,Utah,Home,5,Yes,Website,3,785768.09,261922.69666666666,62,2,2,Lower-Value Property Buyers
C0757,Individual,Keith,Taylor,1946-09-05,M,USA,Oregon,Home,3,Yes,Website,4,1392690.1199999999,348172.52999999997,77,1,1,Higher-Value Property Buyers
C0758,Individual,Joe,Allen,1958-12-08,M,USA,California,Investment,2,No,Website,4,1135189.16,283797.29,65,2,2,Lower-Value Property Buyers
C0759,Individual,Samuel,Anderson,1991-10-27,M,USA,Florida,Home,4,No,Website,3,1327801.32,442600.44,32,1,1,Higher-Value Property Buyers
C0760,Individual,Amanda,Adams,1964-12-27,F,USA,California,Investment,3,No,Website,4,1288008.21,322002.0525,59,2,2,Lower-Value Property Buyers
C0761,Individual,Joyce,Patterson,1981-08-24,F,Belgium,Flanders,Home,2,No,Agency,4,1387948.07,346987.0175,42,1,1,Higher-Value Property Buyers
C0762,Individual,Anna,Young,1967-01-07,F,USA,Ohio,Home,4,No,Website,4,1456185.33,364046.3325,57,1,1,Higher-Value Property Buyers
C0763,Company,Summit,Co,1971-07-18,F,USA,Georgia,Home,3,No,Agency,3,1036781.97,345593.99,53,2,2,Lower-Value Property Buyers
C0764,Individual,Debra,Parker,1983-09-02,F,UK,Northern Ireland,Investment,4,No,Client,4,1670624.74,417656.185,40,1,1,Higher-Value Property Buyers
C0765,Individual,Joe,Green,1967-06-22,M,France,Brittany,Home,3,No,Website,4,1516418.29,379104.5725,57,1,1,Higher-Value Property Buyers
C0766,Individual,Robert,Bennett,1994-04-09,M,Germany,North Rhine-Westphalia,Home,3,Yes,Client,4,1601876.1400000001,400469.03500000003,30,1,1,Higher-Value Property Buyers
C0767,Individual,David,Brown,1961-02-02,M,Canada,British Columbia,Investment,2,No,Agency,4,1403932.48,350983.12,63,1,1,Higher-Value Property Buyers
C0768,Individual,Matthew,Weaver,1992-07-22,M,Denmark,Southern Denmark,Investment,5,Yes,Website,3,1048127.47,349375.8233333333,31,2,2,Lower-Value Property Buyers
C0769,Individual,Nicole,Long,1958-02-21,F,USA,Ohio,Home,4,No,Agency,3,675607.7899999999,225202.59666666665,66,2,2,Lower-Value Property Buyers
C0770,Individual,Shirley,Hall,1951-09-02,F,Russia,Krasnodar Krai,Home,4,No,Website,3,984598.73,328199.57666666666,72,2,2,Lower-Value Property Buyers
C0771,Company,Quasar,Co,1984-09-06,M,USA,California,Home,1,No,Website,4,1856997.08,464249.27,39,1,1,Higher-Value Property Buyers
C0772,Individual,Ethan,White,1991-09-25,M,USA,California,Investment,1,No,Client,3,911164.52,303721.50666666665,32,2,2,Lower-Value Property Buyers
C0773,Individual,Christopher,Taylor,1964-09-12,M,Russia,Saint Petersburg,Home,1,No,Website,4,1451465.46,362866.365,60,1,1,Higher-Value Property Buyers
C0774,Individual,David,Wood,1983-03-23,M,USA,Georgia,Home,5,Yes,Agency,3,999792.6799999999,333264.2266666666,41,2,2,Lower-Value Property Buyers
C0775,Individual,Andrea,Reyes,1975-12-25,F,USA,Arizona,Home,1,No,Agency,4,1043608.37,260902.0925,49,2,2,Lower-Value Property Buyers
C0776,Individual,Ashley,Morales,1966-11-06,F,Germany,Bavaria,Home,4,Yes,Agency,3,914465.3300000001,304821.7766666667,58,2,2,Lower-Value Property Buyers
C0777,Company,Meridian,Co,1982-05-15,M,USA,Arizona,Home,1,No,Client,3,1130759.4100000001,376919.8033333334,42,2,2,Lower-Value Property Buyers
C0778,Individual,George,Pierce,1998-07-22,M,USA,California,Investment,4,Yes,Agency,4,1646921.92,411730.48,25,1,1,Higher-Value Property Buyers
C0779,Individual,Lisa,Hughes,1953-05-04,F,USA,California,Home,5,Yes,Agency,3,1221957.12,407319.04000000004,71,1,1,Higher-Value Property Buyers
C0780,Individual,Martha,Hansen,1947-01-08,F,USA,California,Home,3,No,Website,3,708761.6900000001,236253.8966666667,77,2,2,Lower-Value Property Buyers
C0781,Individual,Gerald,Sanders,1940-11-28,M,USA,California,Investment,5,Yes,Website,4,1181206.69,295301.6725,83,2,2,Lower-Value Property Buyers
C0782,Individual,Ethan,Williams,1970-02-10,M,USA,Utah,Investment,2,Yes,Website,4,1166638.1600000001,291659.54000000004,54,2,2,Lower-Value Property Buyers
C0783,Individual,Betty,Sanders,1961-03-27,F,Canada,Alberta,Home,1,Yes,Agency,3,1031472.36,343824.12,63,2,2,Lower-Value Property Buyers
C0784,Individual,Charles,Baker,1973-06-26,M,Mexico,Baja California,Investment,4,No,Website,3,1172514.65,390838.2166666666,51,1,1,Higher-Value Property Buyers
C0785,Company,Rexon,Co,1971-03-27,F,USA,California,Home,2,No,Website,4,1047112.48,261778.12,53,2,2,Lower-Value Property Buyers
C0786,Individual,Sarah,Martin,1983-03-25,F,USA,California,Investment,3,No,Website,3,663797.37,221265.79,41,2,2,Lower-Value Property Buyers
C0787,Individual,Andrew,Jackson,1950-11-20,M,USA,Washington,Home,1,No,Website,3,1405947.6600000001,468649.22000000003,73,1,1,Higher-Value Property Buyers
C0788,Individual,Matthew,Stone,1944-05-14,M,France,Brittany,Investment,4,No,Website,4,1799447.01,449861.7525,80,1,1,Higher-Value Property Buyers
C0789,Individual,Madison,Price,1974-06-04,F,Canada,Ontario,Investment,1,No,Website,3,1125271.6,375090.5333333334,50,2,2,Lower-Value Property Buyers
C0790,Individual,Brandon,Cooper,1974-01-18,M,USA,California,Home,5,Yes,Agency,4,1521440.8599999999,380360.21499999997,50,1,1,Higher-Value Property Buyers
C0791,Individual,Walter,Adams,1983-07-01,M,USA,Texas,Home,4,No,Website,4,1424465.81,356116.4525,41,1,1,Higher-Value Property Buyers
C0792,Individual,Joseph,Richardson,1982-04-14,M,USA,California,Investment,4,Yes,Website,4,1559979.82,389994.955,42,1,1,Higher-Value Property Buyers
C0793,Individual,Kevin,Brown,1969-04-09,M,USA,New York,Home,4,No,Agency,4,1245234.35,311308.5875,55,2,2,Lower-Value Property Buyers
C0794,Individual,Gregory,Mitchell,1951-11-02,M,USA,California,Home,4,Yes,Website,3,1120488.77,373496.25666666665,72,2,2,Lower-Value Property Buyers
C0795,Individual,Harold,Murray,1969-01-14,M,USA,California,Investment,4,Yes,Website,3,1170869.0899999999,390289.6966666666,55,1,1,Higher-Value Property Buyers
C0796,Individual,Stephanie,Ward,1983-11-04,F,USA,California,Investment,5,Yes,Website,3,559596.54,186532.18000000002,41,2,2,Lower-Value Property Buyers
C0797,Individual,Joan,Gray,1990-08-06,F,USA,Oregon,Home,5,Yes,Agency,3,881179.3,293726.43333333335,33,2,2,Lower-Value Property Buyers
C0798,Company,Novex,Co,1965-10-21,M,USA,Nevada,Home,4,Yes,Agency,4,987267.48,246816.87,58,2,2,Lower-Value Property Buyers
C0799,Individual,Pamela,Johnson,1954-07-24,F,USA,California,Home,4,No,Website,4,1108935.8599999999,277233.96499999997,69,2,2,Lower-Value Property Buyers
C0800,Individual,Lawrence,Smith,1974-02-01,M,USA,Virginia,Investment,5,Yes,Website,3,983573.1799999999,327857.7266666666,50,2,2,Lower-Value Property Buyers
C0801,Individual,Betty,Price,1969-03-04,F,USA,Washington,Home,4,Yes,Website,3,1361712.2999999998,453904.0999999999,55,1,1,Higher-Value Property Buyers
C0802,Individual,Matthew,Williams,1970-10-11,M,USA,Virginia,Home,5,No,Agency,3,1074480.81,358160.27,53,2,2,Lower-Value Property Buyers
C0803,Individual,Evelyn,Moore,1945-12-13,F,USA,Texas,Home,4,No,Agency,4,1542819.53,385704.8825,78,1,1,Higher-Value Property Buyers
C0804,Individual,Tyler,Cook,1967-10-01,M,USA,Washington,Home,5,No,Agency,3,1223755.92,407918.63999999996,56,1,1,Higher-Value Property Buyers
C0805,Individual,Albert,Cook,1953-01-17,M,Germany,Berlin,Home,1,Yes,Website,3,940964.73,313654.91,71,2,2,Lower-Value Property Buyers
C0806,Individual,Jack,Richardson,1989-11-18,M,France,Ile-de-France,Home,5,No,Client,4,1485168.27,371292.0675,34,1,1,Higher-Value Property Buyers
C0807,Individual,Amy,Chavez,1993-11-16,F,Mexico,Mexico City,Investment,5,No,Website,4,1635419.92,408854.98,30,1,1,Higher-Value Property Buyers
C0808,Individual,Gregory,Ward,1943-05-17,M,Germany,Berlin,Home,3,Yes,Website,3,885158.15,295052.7166666667,82,2,2,Lower-Value Property Buyers
C0809,Individual,Hannah,Alexander,1967-02-16,F,France,Occitanie,Home,5,Yes,Agency,3,1386118.19,462039.39666666667,57,1,1,Higher-Value Property Buyers
C0810,Individual,Ronald,Sanders,1995-02-13,M,USA,California,Home,1,Yes,Website,3,922597.5800000001,307532.5266666667,29,2,2,Lower-Value Property Buyers
C0811,Individual,Carl,Allen,1945-04-17,M,UK,Wales,Home,3,No,Agency,3,1515201.05,505067.01666666666,79,1,1,Higher-Value Property Buyers
C0812,Individual,Harold,Cooper,1974-08-24,M,UK,Northern Ireland,Home,3,Yes,Website,4,1443224.01,360806.0025,49,1,1,Higher-Value Property Buyers
C0813,Individual,Gerald,Cook,1974-11-10,M,UK,Scotland,Investment,3,No,Agency,4,1314024.52,328506.13,49,2,2,Lower-Value Property Buyers
C0814,Individual,Joan,Stewart,1964-03-26,F,USA,California,Home,2,No,Website,3,674363.74,224787.91333333333,60,2,2,Lower-Value Property Buyers
C0815,Company,Horizon,Co,1965-06-11,F,USA,Nevada,Home,4,Yes,Agency,3,962374.6499999999,320791.55,59,2,2,Lower-Value Property Buyers
C0816,Individual,Deborah,Wright,1947-12-23,F,Germany,Hamburg,Home,2,Yes,Website,3,1003090.8500000001,334363.6166666667,76,2,2,Lower-Value Property Buyers
C0817,Individual,Grace,Thompson,1972-12-05,F,USA,California,Investment,1,No,Website,3,1338281.0,446093.6666666667,51,1,1,Higher-Value Property Buyers
C0818,Company,Sterling,Co,1991-08-09,F,USA,Colorado,Home,2,No,Website,4,760443.3500000001,190110.83750000002,32,2,2,Lower-Value Property Buyers
C0819,Individual,Jose,Bryant,1951-03-15,M,USA,California,Home,5,No,Website,3,1239378.27,413126.09,74,1,1,Higher-Value Property Buyers
C0820,Individual,Judith,Collins,1940-10-22,F,USA,Texas,Investment,4,No,Agency,3,920197.78,306732.5933333333,83,2,2,Lower-Value Property Buyers
C0821,Individual,Elizabeth,Moore,1957-04-09,F,USA,California,Home,5,Yes,Agency,3,1371213.26,457071.08666666667,67,1,1,Higher-Value Property Buyers
C0822,Individual,Jessica,Weaver,1959-04-19,F,USA,California,Investment,3,Yes,Website,3,1407630.29,469210.0966666667,65,1,1,Higher-Value Property Buyers
C0823,Individual,Nancy,Hayes,1975-04-16,F,USA,Oregon,Investment,5,Yes,Agency,4,1722388.8900000001,430597.22250000003,49,1,1,Higher-Value Property Buyers
C0824,Individual,Douglas,Cox,1976-01-06,M,USA,California,Home,3,No,Agency,3,1234378.85,411459.6166666667,48,1,1,Higher-Value Property Buyers
C0825,Individual,Ruth,Hughes,1982-03-26,F,Mexico,Nuevo Leon,Home,4,Yes,Agency,4,1246198.0,311549.5,42,2,2,Lower-Value Property Buyers
C0826,Individual,Jason,Stewart,1970-11-09,M,USA,Ohio,Investment,4,Yes,Website,4,1255265.82,313816.455,53,2,2,Lower-Value Property Buyers
C0827,Individual,Ruth,Wright,1965-08-23,F,USA,Washington,Home,2,Yes,Website,4,1176467.77,294116.9425,58,2,2,Lower-Value Property Buyers
C0828,Individual,Elizabeth,Stewart,1947-10-10,F,USA,Arizona,Investment,4,Yes,Website,4,1313574.2,328393.55,77,2,2,Lower-Value Property Buyers
C0829,Individual,Jonathan,Stewart,1960-11-16,M,USA,Utah,Investment,3,No,Website,4,1296844.19,324211.0475,63,2,2,Lower-Value Property Buyers
C0830,Individual,William,Martin,1952-05-16,M,USA,Oregon,Investment,3,No,Agency,4,1518798.69,379699.6725,72,1,1,Higher-Value Property Buyers
C0831,Individual,Judith,Martin,1977-09-24,F,USA,California,Home,2,No,Website,3,909532.47,303177.49,46,2,2,Lower-Value Property Buyers
C0832,Individual,Dorothy,Ward,1990-09-01,F,USA,Nevada,Investment,3,Yes,Website,3,1290741.99,430247.33,33,1,1,Higher-Value Property Buyers
C0833,Individual,Roger,Green,1951-06-11,M,Denmark,Southern Denmark,Home,5,No,Website,3,1422486.6099999999,474162.2033333333,73,1,1,Higher-Value Property Buyers
C0834,Individual,Helen,Parker,1957-12-23,F,USA,California,Home,5,No,Website,4,1384660.54,346165.135,66,1,1,Higher-Value Property Buyers
C0835,Individual,Maria,Foster,1974-06-06,F,USA,California,Home,5,Yes,Website,4,1159317.69,289829.4225,50,2,2,Lower-Value Property Buyers
C0836,Individual,Adam,Sanders,1942-04-02,M,USA,Ohio,Home,4,No,Website,3,1280715.29,426905.0966666667,82,1,1,Higher-Value Property Buyers
C0837,Individual,Peter,Montgomery,1967-06-06,M,France,Brittany,Home,1,No,Website,4,1415445.71,353861.4275,57,1,1,Higher-Value Property Buyers
C0838,Individual,Jacob,Morris,1992-05-04,M,USA,Nevada,Investment,1,Yes,Website,3,837604.3,279201.43333333335,32,2,2,Lower-Value Property Buyers
C0839,Individual,Elizabeth,Baker,1994-01-26,F,UK,England,Home,5,Yes,Agency,3,1123967.69,374655.89666666667,30,1,1,Higher-Value Property Buyers
C0840,Individual,Elizabeth,Wilson,1981-01-11,F,Belgium,Brussels,Home,1,No,Website,4,1508352.25,377088.0625,43,1,1,Higher-Value Property Buyers
C0841,Individual,Timothy,Cooper,1999-05-02,M,Belgium,Wallonia,Home,5,No,Website,4,1344816.1,336204.025,25,1,1,Higher-Value Property Buyers
C0842,Individual,Keith,Morales,1996-02-27,M,USA,Washington,Home,5,Yes,Client,4,1082477.8199999998,270619.45499999996,28,2,2,Lower-Value Property Buyers
C0843,Individual,Amanda,Hansen,2000-04-12,F,USA,Georgia,Home,4,No,Agency,3,1377127.37,459042.4566666667,24,1,1,Higher-Value Property Buyers
C0844,Individual,Margaret,Scott,1947-06-13,F,USA,California,Home,2,No,Website,4,1363201.96,340800.49,77,1,1,Higher-Value Property Buyers
C0845,Individual,Ashley,Long,1993-05-09,F,USA,Washington,Home,3,No,Client,3,1355270.16,451756.72,31,1,1,Higher-Value Property Buyers
C0846,Individual,Martha,Harris,1976-05-15,F,Canada,Quebec,Investment,3,No,Agency,3,1069033.77,356344.59,48,2,2,Lower-Value Property Buyers
C0847,Individual,Nicole,James,1988-02-27,F,USA,Utah,Home,2,Yes,Agency,4,1258765.46,314691.365,36,2,2,Lower-Value Property Buyers
C0848,Individual,Aaron,Hughes,1967-11-22,M,USA,California,Home,4,No,Agency,4,1366788.33,341697.0825,56,1,1,Higher-Value Property Buyers
C0849,Individual,Brian,Wilson,1977-11-04,M,USA,Oregon,Home,1,Yes,Website,4,1262931.66,315732.915,46,2,2,Lower-Value Property Buyers
C0850,Individual,Judy,Stone,1983-11-13,F,USA,Colorado,Investment,5,No,Agency,3,528432.48,176144.16,40,2,2,Lower-Value Property Buyers
C0851,Individual,Kyle,White,1993-05-16,M,USA,California,Investment,2,Yes,Website,4,1482957.8800000001,370739.47000000003,31,1,1,Higher-Value Property Buyers
C0852,Individual,Carl,Brown,1989-07-20,M,Germany,North Rhine-Westphalia,Home,2,No,Agency,4,1368458.37,342114.5925,34,1,1,Higher-Value Property Buyers
C0853,Individual,Gerald,Bryant,1950-07-08,M,USA,Utah,Home,4,No,Website,4,1293562.22,323390.555,73,2,2,Lower-Value Property Buyers
C0854,Individual,David,Reyes,1944-02-13,M,USA,California,Home,4,No,Website,3,1419031.6099999999,473010.5366666666,80,1,1,Higher-Value Property Buyers
C0855,Individual,Amanda,Foster,1973-10-03,F,Australia,Queensland,Home,4,No,Website,4,1198702.15,299675.5375,50,2,2,Lower-Value Property Buyers
C0856,Individual,Janice,Chavez,1964-08-16,F,USA,Florida,Home,5,Yes,Website,4,1565508.99,391377.2475,59,1,1,Higher-Value Property Buyers
C0857,Individual,Danielle,Ward,1951-11-05,F,USA,California,Investment,1,Yes,Website,4,1431064.56,357766.14,72,1,1,Higher-Value Property Buyers
C0858,Individual,Samuel,Howard,1994-12-07,M,USA,Nevada,Home,1,No,Website,3,972150.6,324050.2,29,2,2,Lower-Value Property Buyers
C0859,Individual,Megan,Anderson,1942-03-12,F,USA,California,Home,2,Yes,Agency,4,1440623.8900000001,360155.97250000003,82,1,1,Higher-Value Property Buyers
C0860,Individual,Virginia,Morales,1968-09-07,F,USA,Utah,Home,5,Yes,Website,4,1362579.84,340644.96,55,1,1,Higher-Value Property Buyers
C0861,Individual,Christine,Peterson,1994-04-08,F,France,Brittany,Investment,2,No,Agency,3,1527460.57,509153.5233333334,30,1,1,Higher-Value Property Buyers
C0862,Individual,Amanda,Jordan,1981-06-14,F,USA,Colorado,Investment,1,No,Website,3,1354421.9100000001,451473.97000000003,43,1,1,Higher-Value Property Buyers
C0863,Individual,Brandon,Peterson,1975-04-20,M,Belgium,Wallonia,Home,5,Yes,Agency,4,1107744.96,276936.24,49,2,2,Lower-Value Property Buyers
C0864,Individual,Noah,Kim,1970-07-07,M,USA,Texas,Home,3,No,Website,3,1085548.02,361849.34,53,2,2,Lower-Value Property Buyers
C0865,Individual,Rebecca,Gray,1975-05-20,F,USA,Colorado,Investment,5,Yes,Website,4,1268059.13,317014.7825,49,2,2,Lower-Value Property Buyers
C0866,Individual,Lawrence,Bryant,1987-11-27,M,Belgium,Brussels,Home,3,No,Agency,4,1331713.08,332928.27,36,1,1,Higher-Value Property Buyers
C0867,Individual,Julia,Davis,1967-12-04,F,USA,California,Home,2,No,Agency,3,1028747.3,342915.76666666666,56,2,2,Lower-Value Property Buyers
C0868,Individual,Victoria,Rogers,1945-02-21,F,USA,Florida,Home,3,Yes,Agency,3,987211.1699999999,329070.38999999996,79,2,2,Lower-Value Property Buyers
C0869,Individual,Jose,Roberts,1993-07-03,M,USA,California,Home,4,No,Agency,3,858807.13,286269.04333333333,30,2,2,Lower-Value Property Buyers
C0870,Company,Harmon,Co,1966-01-09,F,UK,Northern Ireland,Home,2,Yes,Website,4,1097902.26,274475.565,58,2,2,Lower-Value Property Buyers
C0871,Individual,Pamela,Pierce,1989-11-28,F,USA,Virginia,Home,1,Yes,Website,4,1939848.53,484962.1325,34,1,1,Higher-Value Property Buyers
C0872,Individual,Sarah,Bennett,1943-06-22,F,UK,England,Home,4,No,Website,4,1462320.39,365580.0975,81,1,1,Higher-Value Property Buyers
C0873,Individual,Gerald,Murray,1940-09-09,M,USA,New York,Home,2,No,Website,3,1325777.78,441925.9266666667,83,1,1,Higher-Value Property Buyers
C0874,Individual,Debra,Murray,1953-07-26,F,Belgium,Flanders,Investment,2,No,Website,4,1490289.1099999999,372572.27749999997,70,1,1,Higher-Value Property Buyers
C0875,Individual,Jeffrey,Evans,1972-09-07,M,Canada,Manitoba,Home,4,No,Website,3,1308981.48,436327.16,51,1,1,Higher-Value Property Buyers
C0876,Individual,Benjamin,Chavez,1973-08-22,M,USA,California,Home,3,No,Client,3,873771.52,291257.17333333334,50,2,2,Lower-Value Property Buyers
C0877,Individual,Jennifer,Weaver,1998-12-22,F,USA,Utah,Investment,2,Yes,Agency,3,1407650.4,469216.8,26,1,1,Higher-Value Property Buyers
C0878,Individual,Ashley,Hansen,1945-04-28,F,USA,Nevada,Home,4,Yes,Website,3,970670.1499999999,323556.7166666666,79,2,2,Lower-Value Property Buyers
C0879,Individual,Brandon,Adams,1945-03-15,M,UK,Northern Ireland,Home,4,Yes,Website,3,1349121.32,449707.1066666667,79,1,1,Higher-Value Property Buyers
C0880,Individual,Judith,Bennett,1941-06-23,F,USA,New York,Home,2,No,Website,4,1390002.6400000001,347500.66000000003,83,1,1,Higher-Value Property Buyers
C0881,Individual,Ruth,Weaver,1954-09-24,F,USA,Colorado,Investment,1,No,Website,4,1247321.2,311830.3,69,2,2,Lower-Value Property Buyers
C0882,Individual,Peter,Moore,2000-07-07,M,UK,Wales,Home,3,No,Website,3,1142828.1400000001,380942.7133333334,23,1,1,Higher-Value Property Buyers
C0883,Individual,Gerald,Thompson,1946-10-22,M,USA,Texas,Home,4,No,Client,4,1979258.27,494814.5675,77,1,1,Higher-Value Property Buyers
C0884,Individual,Joe,Reed,1949-07-05,M,USA,Nevada,Home,2,No,Website,3,1021697.5,340565.8333333333,75,2,2,Lower-Value Property Buyers
C0885,Individual,Michael,Williams,1941-09-21,M,Canada,British Columbia,Investment,2,Yes,Agency,3,1540844.02,513614.67333333334,82,1,1,Higher-Value Property Buyers
C0886,Individual,Joseph,Brooks,1961-07-20,M,USA,California,Home,3,Yes,Agency,3,807556.47,269185.49,62,2,2,Lower-Value Property Buyers
C0887,Individual,Joan,Bryant,1993-04-23,F,USA,California,Home,3,No,Agency,4,1247287.09,311821.7725,31,2,2,Lower-Value Property Buyers
C0888,Individual,Sharon,Montgomery,1987-05-24,F,Germany,Berlin,Home,4,Yes,Website,4,1104713.19,276178.2975,37,2,2,Lower-Value Property Buyers
C0889,Individual,Scott,Campbell,1985-10-15,M,USA,Nevada,Investment,4,Yes,Website,3,1339350.5899999999,446450.1966666666,38,1,1,Higher-Value Property Buyers
C0890,Individual,Julie,Nelson,1955-07-23,F,USA,Virginia,Investment,3,Yes,Website,4,1138394.29,284598.5725,68,2,2,Lower-Value Property Buyers
C0891,Individual,Raymond,Roberts,1970-06-20,M,Germany,North Rhine-Westphalia,Investment,1,Yes,Website,4,1340373.08,335093.27,54,2,2,Lower-Value Property Buyers
C0892,Individual,Helen,Watson,1958-05-06,F,USA,California,Investment,2,Yes,Website,3,984121.3999999999,328040.4666666666,66,2,2,Lower-Value Property Buyers
C0893,Individual,Evelyn,Thompson,1995-06-23,F,USA,Colorado,Home,3,Yes,Website,4,1695839.47,423959.8675,29,1,1,Higher-Value Property Buyers
C0894,Individual,Carl,Evans,1953-06-14,M,USA,Georgia,Home,5,No,Website,3,882067.47,294022.49,71,2,2,Lower-Value Property Buyers
C0895,Individual,Amanda,Rogers,1953-08-25,F,USA,Arizona,Investment,4,Yes,Website,3,1127680.6,375893.5333333334,70,2,2,Lower-Value Property Buyers
C0896,Individual,Timothy,Jones,1970-06-05,M,France,Brittany,Home,4,Yes,Agency,4,1157933.44,289483.36,54,2,2,Lower-Value Property Buyers
C0897,Individual,Ann,Foster,1971-04-08,F,Australia,Victoria,Home,1,No,Website,3,745691.65,248563.88333333333,53,2,2,Lower-Value Property Buyers
C0898,Individual,Deborah,King,1953-09-27,F,USA,Arizona,Investment,5,Yes,Agency,4,836494.02,209123.505,70,2,2,Lower-Value Property Buyers
C0899,Company,Apex,Co,1988-06-26,F,USA,Washington,Investment,2,No,Website,3,1050407.63,350135.87666666665,36,2,2,Lower-Value Property Buyers
C0900,Individual,Betty,Cook,1999-05-22,F,Germany,North Rhine-Westphalia,Home,4,No,Agency,3,606058.22,202019.40666666665,25,2,2,Lower-Value Property Buyers
C0901,Individual,Gregory,Allen,1999-02-15,M,France,Brittany,Investment,4,No,Agency,3,909138.8400000001,303046.28,25,2,2,Lower-Value Property Buyers
C0902,Company,Peerex,Co,1964-11-02,F,UK,Northern Ireland,Home,3,Yes,Agency,4,1281064.76,320266.19,59,2,2,Lower-Value Property Buyers
C0903,Individual,Christine,Morales,1992-04-28,F,USA,Texas,Investment,3,No,Website,3,1108147.6099999999,369382.5366666666,32,2,2,Lower-Value Property Buyers
C0904,Individual,Nancy,Brooks,1984-08-03,F,Russia,Saint Petersburg,Home,1,Yes,Website,4,1050355.29,262588.8225,39,2,2,Lower-Value Property Buyers
C0905,Individual,Emma,Allen,1993-05-16,F,USA,Virginia,Home,5,Yes,Website,3,877477.72,292492.5733333333,31,2,2,Lower-Value Property Buyers
C0906,Individual,Jacqueline,Baker,1969-08-13,F,USA,California,Investment,5,No,Website,4,1757967.56,439491.89,54,1,1,Higher-Value Property Buyers
C0907,Individual,Danielle,Scott,1973-11-14,F,USA,California,Home,3,No,Agency,3,1375380.46,458460.1533333333,50,1,1,Higher-Value Property Buyers
C0908,Individual,Carl,Kim,1960-11-17,M,USA,California,Home,4,Yes,Agency,4,1129941.35,282485.3375,63,2,2,Lower-Value Property Buyers
C0909,Individual,Brandon,Turner,1967-10-07,M,USA,California,Investment,1,Yes,Agency,4,1529455.73,382363.9325,56,1,1,Higher-Value Property Buyers
C0910,Individual,Victoria,Jackson,1971-11-24,F,USA,Texas,Home,3,Yes,Agency,3,1293598.48,431199.49333333335,52,1,1,Higher-Value Property Buyers
C0911,Individual,Donald,Long,1989-03-27,M,USA,California,Home,4,No,Website,4,1310405.32,327601.33,35,1,1,Higher-Value Property Buyers
C0912,Individual,Christina,Freeman,1949-11-05,F,USA,California,Home,1,No,Agency,3,1322130.05,440710.01666666666,74,1,1,Higher-Value Property Buyers
C0913,Individual,Nathan,Hansen,1999-01-13,M,USA,California,Home,4,No,Agency,4,1935637.92,483909.48,25,1,1,Higher-Value Property Buyers
C0914,Individual,Helen,Freeman,1948-12-10,F,France,Provence,Investment,4,No,Website,4,1124290.78,281072.695,75,2,2,Lower-Value Property Buyers
C0915,Individual,Ronald,Harris,1948-01-23,M,USA,Florida,Home,2,No,Agency,3,1309768.71,436589.57,76,1,1,Higher-Value Property Buyers
C0916,Individual,Nathan,Hansen,1988-10-02,M,Russia,Moscow Oblast,Home,2,No,Website,4,1377591.46,344397.865,35,1,1,Higher-Value Property Buyers
C0917,Individual,Kenneth,Hughes,1969-01-08,M,USA,Arizona,Home,2,Yes,Agency,3,756785.49,252261.83,55,2,2,Lower-Value Property Buyers
C0918,Individual,Susan,Cook,2000-02-21,F,Australia,Western Australia,Home,4,No,Client,3,1461361.8699999999,487120.6233333333,24,1,1,Higher-Value Property Buyers
C0919,Individual,Barbara,Foster,1975-08-17,F,Canada,Quebec,Investment,5,No,Agency,3,1059524.55,353174.85000000003,48,2,2,Lower-Value Property Buyers
C0920,Individual,Christian,Williams,1973-11-10,M,USA,California,Home,4,No,Website,3,878368.79,292789.5966666667,50,2,2,Lower-Value Property Buyers
C0921,Individual,Christina,Reyes,1999-10-03,F,Australia,New South Wales,Home,4,No,Agency,3,802736.76,267578.92,24,2,2,Lower-Value Property Buyers
C0922,Individual,Joe,Bell,1942-10-28,M,Australia,Victoria,Investment,4,Yes,Website,3,1105753.98,368584.66,81,2,2,Lower-Value Property Buyers
C0923,Individual,Ruth,Richardson,1950-08-26,F,USA,Oregon,Home,3,No,Client,4,1183422.85,295855.7125,73,2,2,Lower-Value Property Buyers
C0924,Individual,Emily,Wright,1988-03-20,F,USA,California,Home,4,No,Website,4,1558670.83,389667.7075,36,1,1,Higher-Value Property Buyers
C0925,Individual,Michael,Ward,1944-12-05,M,Germany,Hamburg,Home,2,No,Website,3,1308035.02,436011.67333333334,79,1,1,Higher-Value Property Buyers
C0926,Individual,Lauren,Harris,1961-04-04,F,USA,California,Home,3,No,Website,3,1078841.73,359613.91,63,2,2,Lower-Value Property Buyers
C0927,Individual,Carol,Hayes,1962-04-11,F,France,Ile-de-France,Home,4,No,Client,3,933499.38,311166.46,62,2,2,Lower-Value Property Buyers
C0928,Individual,Jordan,Jordan,1950-02-27,M,USA,California,Home,1,Yes,Agency,3,758070.13,252690.04333333333,74,2,2,Lower-Value Property Buyers
C0929,Individual,Jack,Hall,1954-05-23,M,USA,Washington,Home,4,No,Website,3,1167841.72,389280.5733333333,70,1,1,Higher-Value Property Buyers
C0930,Individual,Debra,Moore,1993-04-15,F,USA,Washington,Investment,1,Yes,Agency,3,924305.53,308101.8433333333,31,2,2,Lower-Value Property Buyers
C0931,Individual,Daniel,Parker,1977-12-25,M,USA,Nevada,Investment,2,Yes,Client,3,997418.61,332472.87,46,2,2,Lower-Value Property Buyers
C0932,Individual,Kathleen,Moore,1949-07-14,F,USA,New York,Home,5,No,Website,4,1468310.6600000001,367077.66500000004,74,1,1,Higher-Value Property Buyers
C0933,Individual,Kimberly,Johnson,1955-03-09,F,USA,California,Home,4,No,Website,3,1077170.94,359056.98,69,2,2,Lower-Value Property Buyers
C0934,Individual,Barbara,Allen,1943-02-10,F,UK,Northern Ireland,Investment,5,Yes,Website,3,912489.5900000001,304163.1966666667,81,2,2,Lower-Value Property Buyers
C0935,Individual,Katherine,Cooper,2000-05-17,F,Canada,Manitoba,Home,4,No,Agency,3,1133032.49,377677.49666666664,24,1,1,Higher-Value Property Buyers
C0936,Individual,Carolyn,Brooks,1951-10-04,F,USA,California,Home,3,No,Client,3,782945.97,260981.99,72,2,2,Lower-Value Property Buyers
C0937,Individual,Gerald,Chavez,1982-03-04,M,USA,Arizona,Home,5,No,Client,4,1370340.9100000001,342585.22750000004,42,1,1,Higher-Value Property Buyers
C0938,Individual,William,Chavez,1963-08-05,M,Russia,Krasnodar Krai,Home,4,No,Website,3,854217.7,284739.23333333334,60,2,2,Lower-Value Property Buyers
C0939,Individual,Anna,Alexander,1978-02-02,F,Belgium,Brussels,Investment,1,No,Website,4,1190833.68,297708.42,46,2,2,Lower-Value Property Buyers
C0940,Individual,Kyle,Bell,1985-12-19,M,USA,Virginia,Investment,5,No,Website,4,1628937.85,407234.4625,38,1,1,Higher-Value Property Buyers
C0941,Individual,Grace,Moore,1955-07-17,F,Mexico,Jalisco,Home,1,No,Agency,3,1028314.09,342771.36333333334,68,2,2,Lower-Value Property Buyers
C0942,Individual,Joan,Jackson,1991-12-14,F,USA,California,Home,1,No,Website,4,1402631.76,350657.94,32,1,1,Higher-Value Property Buyers
C0943,Individual,Karen,Cox,1957-09-13,F,Canada,Manitoba,Investment,5,No,Website,3,975048.28,325016.0933333333,66,2,2,Lower-Value Property Buyers
C0944,Individual,Virginia,Hughes,1956-08-24,F,USA,Florida,Home,2,No,Website,3,1256722.03,418907.3433333333,67,1,1,Higher-Value Property Buyers
C0945,Individual,Emily,Hayes,1945-04-09,F,France,Provence,Home,4,No,Website,3,973406.55,324468.85000000003,79,2,2,Lower-Value Property Buyers
C0946,Individual,Ashley,Weaver,1946-04-07,F,USA,Nevada,Investment,3,Yes,Agency,3,827605.63,275868.54333333333,78,2,2,Lower-Value Property Buyers
C0947,Individual,Samantha,Cox,1981-05-16,F,USA,Texas,Home,2,No,Website,3,1096583.29,365527.76333333337,43,2,2,Lower-Value Property Buyers
C0948,Individual,Emma,Nelson,1989-12-16,F,USA,California,Investment,3,Yes,Website,4,1532000.51,383000.1275,34,1,1,Higher-Value Property Buyers
C0949,Individual,Julia,Price,1943-06-26,F,USA,Colorado,Investment,5,Yes,Client,4,1397057.95,349264.4875,81,1,1,Higher-Value Property Buyers
C0950,Individual,Christina,Price,1991-11-12,F,USA,Texas,Investment,5,No,Website,4,1418212.48,354553.12,32,1,1,Higher-Value Property Buyers
C0951,Individual,Rachel,Chavez,1998-11-15,F,Mexico,Nuevo Leon,Home,1,Yes,Client,4,1658301.92,414575.48,25,1,1,Higher-Value Property Buyers
C0952,Individual,Ann,Martin,1959-03-09,F,USA,Oregon,Home,5,No,Website,4,1886501.9300000002,471625.48250000004,65,1,1,Higher-Value Property Buyers
C0953,Company,Helios,Co,1995-10-22,M,USA,Washington,Home,5,Yes,Website,3,639815.0,213271.66666666666,29,2,2,Lower-Value Property Buyers
C0954,Individual,Michael,Evans,1950-08-04,M,France,Brittany,Investment,4,Yes,Agency,4,1493788.0,373447.0,73,1,1,Higher-Value Property Buyers
C0955,Individual,Megan,Garcia,1969-11-01,F,USA,California,Home,1,No,Website,3,1098111.78,366037.26,54,2,2,Lower-Value Property Buyers
C0956,Individual,Donald,Jackson,1966-10-03,M,USA,California,Home,1,Yes,Website,4,1647197.45,411799.3625,57,1,1,Higher-Value Property Buyers
C0957,Company,Crestwood,Co,1961-05-21,M,USA,Oregon,Home,2,Yes,Client,4,1295242.02,323810.505,63,2,2,Lower-Value Property Buyers
C0958,Individual,Betty,Rogers,1991-11-07,F,USA,Nevada,Home,1,Yes,Website,4,936091.4500000001,234022.86250000002,32,2,2,Lower-Value Property Buyers
C0959,Individual,Carl,Hayes,1952-09-13,M,USA,California,Home,3,No,Agency,4,1840159.66,460039.915,71,1,1,Higher-Value Property Buyers
C0960,Individual,Linda,Bennett,1960-01-04,F,USA,Arizona,Investment,1,Yes,Client,4,1380084.58,345021.145,64,2,2,Lower-Value Property Buyers
C0961,Individual,Brandon,Morales,1974-03-08,M,UK,Wales,Home,2,Yes,Website,4,1681311.67,420327.9175,50,1,1,Higher-Value Property Buyers
C0962,Individual,Nicholas,Hansen,1940-07-18,M,USA,California,Home,4,No,Website,4,1335726.82,333931.705,83,1,1,Higher-Value Property Buyers
C0963,Individual,James,Davis,1941-09-08,M,Canada,Alberta,Home,4,No,Agency,3,598874.99,199624.99666666667,82,2,2,Lower-Value Property Buyers
C0964,Individual,Elizabeth,Hall,1953-09-19,F,USA,California,Home,4,No,Website,3,1015121.6900000001,338373.89666666667,70,2,2,Lower-Value Property Buyers
C0965,Individual,Lauren,Adams,1961-09-26,F,USA,New York,Investment,3,No,Website,3,840199.6100000001,280066.5366666667,62,2,2,Lower-Value Property Buyers
C0966,Company,Corvus,Co,1995-11-10,M,USA,California,Investment,3,No,Website,4,1606785.0499999998,401696.26249999995,28,1,1,Higher-Value Property Buyers
C0967,Individual,Jennifer,Moore,1959-01-20,F,USA,California,Home,2,No,Agency,3,705599.66,235199.8866666667,65,2,2,Lower-Value Property Buyers
C0968,Individual,Julie,Hansen,1995-11-21,F,USA,Arizona,Home,4,No,Website,3,1089074.71,363024.9033333333,28,2,2,Lower-Value Property Buyers
C0969,Individual,Amber,Ward,1976-03-27,F,Russia,Tatarstan,Investment,1,Yes,Agency,3,1118760.19,372920.0633333333,48,2,2,Lower-Value Property Buyers
C0970,Individual,Peter,Johnson,1986-01-12,M,Denmark,North Denmark,Home,3,Yes,Website,4,1596404.25,399101.0625,38,1,1,Higher-Value Property Buyers
C0971,Individual,Cynthia,Mitchell,1969-02-06,F,USA,Colorado,Investment,5,Yes,Website,4,1278450.05,319612.5125,55,2,2,Lower-Value Property Buyers
C0972,Individual,Sandra,Evans,1964-09-16,F,USA,Arizona,Home,5,No,Agency,4,1298009.03,324502.2575,59,2,2,Lower-Value Property Buyers
C0973,Individual,Charles,Stone,1992-03-12,M,USA,California,Investment,2,No,Client,4,1595817.1600000001,398954.29000000004,32,1,1,Higher-Value Property Buyers
C0974,Individual,Michael,Hansen,1961-05-22,M,USA,New York,Home,1,No,Agency,4,1210990.11,302747.5275,63,2,2,Lower-Value Property Buyers
C0975,Individual,Gregory,Reyes,1946-09-07,M,USA,Utah,Home,4,No,Website,3,941310.61,313770.2033333333,77,2,2,Lower-Value Property Buyers
C0976,Individual,Ryan,Miller,1983-07-18,M,USA,California,Home,4,Yes,Website,4,1206149.98,301537.495,40,2,2,Lower-Value Property Buyers
C0977,Individual,Ryan,James,1996-07-04,M,USA,California,Home,1,No,Agency,3,944672.95,314890.98333333334,27,2,2,Lower-Value Property Buyers
C0978,Individual,Lauren,Brown,1963-11-11,F,USA,California,Home,4,Yes,Website,3,1449360.9100000001,483120.3033333334,60,1,1,Higher-Value Property Buyers
C0979,Individual,Madison,Roberts,1940-02-25,F,Canada,Quebec,Investment,4,No,Website,3,864661.4500000001,288220.48333333334,84,2,2,Lower-Value Property Buyers
C0980,Individual,Daniel,Davis,1942-01-13,M,USA,New York,Investment,1,Yes,Website,3,1156326.6400000001,385442.2133333334,82,2,2,Lower-Value Property Buyers
C0981,Individual,Jessica,Stewart,1961-11-14,F,USA,California,Investment,1,No,Website,4,2048324.19,512081.0475,62,1,1,Higher-Value Property Buyers
C0982,Individual,Joyce,Jackson,1961-08-07,F,Canada,Manitoba,Investment,5,Yes,Agency,3,1443503.73,481167.91,62,1,1,Higher-Value Property Buyers
C0983,Individual,Brittany,Freeman,1994-06-21,F,Germany,North Rhine-Westphalia,Home,4,No,Website,3,803219.7,267739.89999999997,30,2,2,Lower-Value Property Buyers
C0984,Individual,Mark,Johnson,1962-03-12,M,Canada,British Columbia,Home,5,Yes,Agency,3,1206529.21,402176.4033333333,62,1,1,Higher-Value Property Buyers
C0985,Individual,Ruth,Griffin,1954-10-15,F,USA,California,Home,1,Yes,Website,3,886990.72,295663.5733333333,69,2,2,Lower-Value Property Buyers
C0986,Individual,Jacqueline,Ward,1981-10-18,F,Russia,Saint Petersburg,Home,2,No,Website,3,1445226.07,481742.0233333334,42,1,1,Higher-Value Property Buyers
C0987,Individual,Maria,Johnson,1967-10-22,F,Germany,North Rhine-Westphalia,Home,1,Yes,Agency,4,1086018.36,271504.59,56,2,2,Lower-Value Property Buyers
C0988,Individual,Douglas,Cooper,1988-04-21,M,USA,Texas,Home,3,Yes,Agency,3,695033.8,231677.93333333335,36,2,2,Lower-Value Property Buyers
C0989,Individual,Amber,Cook,1946-10-19,F,USA,Oregon,Home,4,No,Website,4,1129907.31,282476.8275,77,2,2,Lower-Value Property Buyers
C0990,Individual,Carl,Carter,1942-01-21,M,USA,Utah,Home,4,No,Website,4,1588383.3599999999,397095.83999999997,82,1,1,Higher-Value Property Buyers
C0991,Individual,Heather,Adams,1975-03-27,F,USA,Nevada,Home,1,No,Website,3,1223116.15,407705.3833333333,49,1,1,Higher-Value Property Buyers
C0992,Individual,Scott,Hughes,1988-11-19,M,Denmark,Capital Region,Home,1,Yes,Website,4,1478482.61,369620.6525,35,1,1,Higher-Value Property Buyers
C0993,Individual,Ryan,Campbell,1954-11-03,M,USA,California,Home,2,Yes,Website,3,530494.44,176831.47999999998,69,2,2,Lower-Value Property Buyers
C0994,Individual,Michael,Moore,1976-11-26,M,USA,California,Home,3,No,Website,4,1379902.8699999999,344975.71749999997,48,1,1,Higher-Value Property Buyers
C0995,Individual,Amanda,Kim,1949-10-14,F,Australia,New South Wales,Home,1,Yes,Website,3,1004120.77,334706.92333333334,74,2,2,Lower-Value Property Buyers
C0996,Individual,Terry,Howard,1956-11-06,M,Canada,Manitoba,Home,2,Yes,Client,3,888968.0,296322.6666666667,67,2,2,Lower-Value Property Buyers
C0997,Individual,Terry,Collins,1950-11-03,M,USA,California,Investment,3,Yes,Agency,3,1607877.07,535959.0233333333,73,1,1,Higher-Value Property Buyers
C0998,Company,Grandis,Co,1969-06-05,F,USA,Virginia,Home,4,No,Agency,4,1230552.15,307638.0375,55,2,2,Lower-Value Property Buyers
C0999,Individual,Jacqueline,Cox,1969-09-15,F,USA,California,Investment,3,No,Agency,3,661984.35,220661.44999999998,54,2,2,Lower-Value Property Buyers
C1000,Individual,Judith,Parker,1963-07-21,F,USA,Utah,Home,2,Yes,Website,4,1629372.23,407343.0575,60,1,1,Higher-Value Property Buyers
C1001,Individual,Aaron,Nelson,1981-07-13,M,USA,California,Home,3,No,Website,4,1650296.94,412574.235,42,1,1,Higher-Value Property Buyers
C1002,Individual,Scott,Hughes,1967-08-06,M,USA,California,Home,5,No,Website,3,1064050.72,354683.5733333333,56,2,2,Lower-Value Property Buyers
C1003,Individual,Lauren,Bennett,1977-11-08,F,USA,Nevada,Home,2,No,Website,3,1164909.23,388303.07666666666,46,1,1,Higher-Value Property Buyers
C1004,Individual,Alexander,Anderson,1982-09-17,M,USA,Oregon,Home,3,Yes,Website,4,1553467.6600000001,388366.91500000004,41,1,1,Higher-Value Property Buyers
C1005,Individual,Barbara,Chavez,1988-07-06,F,Germany,Hamburg,Home,3,No,Client,3,778101.6000000001,259367.20000000004,35,2,2,Lower-Value Property Buyers
C1006,Individual,Stephanie,Weaver,1992-12-24,F,USA,Georgia,Home,1,No,Website,3,738938.8,246312.93333333335,31,2,2,Lower-Value Property Buyers
C1007,Individual,Joyce,Brooks,1948-10-25,F,UK,England,Home,4,No,Agency,3,813104.68,271034.89333333337,75,2,2,Lower-Value Property Buyers
C1008,Company,Sterling,Co,1987-02-10,M,USA,California,Home,2,No,Website,4,1018262.69,254565.6725,37,2,2,Lower-Value Property Buyers
C1009,Individual,Evelyn,Bell,1950-11-02,F,USA,Nevada,Investment,4,Yes,Agency,3,741160.04,247053.34666666668,73,2,2,Lower-Value Property Buyers
C1010,Individual,Dennis,Moore,1964-10-03,M,Mexico,Jalisco,Home,4,No,Website,4,1331479.73,332869.9325,59,1,1,Higher-Value Property Buyers
C1011,Individual,Virginia,Brooks,1952-12-18,F,USA,California,Investment,1,No,Website,4,1281389.3900000001,320347.34750000003,71,2,2,Lower-Value Property Buyers
C1012,Individual,Raymond,Morales,1960-10-20,M,USA,New York,Home,4,Yes,Website,3,1690270.5,563423.5,63,1,1,Higher-Value Property Buyers
C1013,Individual,Stephanie,Patterson,1994-06-19,F,USA,Oregon,Home,1,Yes,Website,4,1627907.97,406976.9925,30,1,1,Higher-Value Property Buyers
C1014,Individual,David,Weaver,1969-06-01,M,USA,California,Home,3,Yes,Website,3,1278106.36,426035.45333333337,55,1,1,Higher-Value Property Buyers
C1015,Individual,Kyle,Davis,1977-01-09,M,USA,California,Home,4,Yes,Website,3,884426.51,294808.83666666667,47,2,2,Lower-Value Property Buyers
C1016,Individual,Andrea,Wilson,1976-05-04,F,USA,California,Home,4,Yes,Agency,4,1542774.6099999999,385693.65249999997,48,1,1,Higher-Value Property Buyers
C1017,Individual,Megan,Baker,1968-12-22,F,USA,California,Home,1,Yes,Agency,4,1116371.43,279092.8575,55,2,2,Lower-Value Property Buyers
C1018,Individual,Tiffany,Turner,1967-06-19,F,USA,Colorado,Home,5,Yes,Client,3,845680.5700000001,281893.5233333334,57,2,2,Lower-Value Property Buyers
C1019,Individual,Carolyn,Stewart,1975-10-27,F,USA,Nevada,Home,2,No,Client,3,1167255.18,389085.06,48,1,1,Higher-Value Property Buyers
C1020,Individual,Deborah,Morales,1994-07-23,F,USA,California,Home,3,No,Agency,4,1248826.8599999999,312206.71499999997,29,2,2,Lower-Value Property Buyers
C1021,Individual,Jeffrey,Bryant,1974-04-09,M,USA,California,Investment,1,No,Client,4,1554739.9,388684.975,50,1,1,Higher-Value Property Buyers
C1022,Individual,Christina,King,1984-04-17,F,USA,Colorado,Home,1,No,Agency,4,1389709.13,347427.2825,40,1,1,Higher-Value Property Buyers
C1023,Individual,Heather,Bell,1953-07-28,F,USA,Nevada,Home,1,Yes,Website,3,1336237.87,445412.62333333335,70,1,1,Higher-Value Property Buyers
C1024,Individual,Gregory,Long,1969-03-08,M,USA,Arizona,Investment,2,No,Agency,3,1351032.92,450344.30666666664,55,1,1,Higher-Value Property Buyers
C1025,Individual,Michelle,King,1947-01-20,F,USA,California,Home,1,No,Client,3,738424.1799999999,246141.3933333333,77,2,2,Lower-Value Property Buyers
C1026,Individual,Robert,Parker,1991-12-08,M,USA,California,Investment,1,No,Agency,3,1440775.1,480258.3666666667,32,1,1,Higher-Value Property Buyers
C1027,Individual,Gerald,White,1976-10-12,M,USA,California,Investment,1,Yes,Client,3,1554407.81,518135.9366666667,47,1,1,Higher-Value Property Buyers
C1028,Individual,Nicholas,Cox,1942-07-04,M,USA,California,Home,1,Yes,Website,4,1143826.71,285956.6775,81,2,2,Lower-Value Property Buyers
C1029,Individual,Ryan,Jackson,1949-06-11,M,Australia,Victoria,Home,1,No,Agency,3,946560.97,315520.3233333333,75,2,2,Lower-Value Property Buyers
C1030,Individual,Christine,Owens,1960-04-20,F,USA,Ohio,Home,4,No,Website,4,1353543.06,338385.765,64,1,1,Higher-Value Property Buyers
C1031,Individual,Alexander,Reed,1989-01-13,M,UK,England,Home,1,No,Website,3,1011333.2,337111.06666666665,35,2,2,Lower-Value Property Buyers
C1032,Individual,Larry,Freeman,1977-03-01,M,USA,Nevada,Home,5,No,Website,4,1494289.73,373572.4325,47,1,1,Higher-Value Property Buyers
C1033,Individual,Eric,Jackson,1962-06-21,M,France,Ile-de-France,Home,2,No,Website,4,1496120.51,374030.1275,62,1,1,Higher-Value Property Buyers
C1034,Individual,Andrea,Wilson,1979-01-20,F,USA,Colorado,Home,5,No,Client,4,1200049.6,300012.4,45,2,2,Lower-Value Property Buyers
C1035,Individual,Jacob,Williams,1961-10-02,M,USA,Virginia,Home,2,No,Website,4,1528550.1300000001,382137.53250000003,62,1,1,Higher-Value Property Buyers
C1036,Individual,Martha,Collins,1988-03-13,F,USA,Oregon,Home,2,No,Agency,3,1176436.08,392145.36000000004,36,1,1,Higher-Value Property Buyers
C1037,Company,Corvus,Co,1970-02-01,M,Mexico,Baja California,Home,2,Yes,Website,3,1115637.13,371879.0433333333,54,2,2,Lower-Value Property Buyers
C1038,Individual,Gerald,Gray,1959-05-25,M,USA,California,Investment,3,No,Website,3,907128.2000000001,302376.0666666667,65,2,2,Lower-Value Property Buyers
C1039,Individual,Nicholas,Carter,1962-07-17,M,USA,California,Home,1,Yes,Agency,4,1428452.94,357113.235,61,1,1,Higher-Value Property Buyers
C1040,Individual,Joseph,Young,1940-05-04,M,USA,California,Investment,5,Yes,Website,3,901095.79,300365.26333333337,84,2,2,Lower-Value Property Buyers
C1041,Individual,Evelyn,Morris,1990-07-12,F,USA,Nevada,Home,5,Yes,Website,3,1150040.79,383346.93,34,1,1,Higher-Value Property Buyers
C1042,Individual,Rebecca,Parker,1945-03-08,F,USA,Nevada,Home,2,No,Agency,4,1325783.46,331445.865,79,2,2,Lower-Value Property Buyers
C1043,Individual,Carol,Griffin,1999-07-14,F,USA,Washington,Home,5,No,Website,3,1067911.8599999999,355970.61999999994,24,2,2,Lower-Value Property Buyers
C1044,Individual,Eric,Howard,1971-05-15,M,USA,Nevada,Investment,5,No,Website,4,1368036.3900000001,342009.09750000003,53,1,1,Higher-Value Property Buyers
C1045,Individual,Rebecca,Allen,1942-01-04,F,USA,New York,Home,3,No,Website,3,974840.03,324946.6766666667,82,2,2,Lower-Value Property Buyers
C1046,Individual,Maria,Wood,1969-05-21,F,Canada,Quebec,Home,4,Yes,Website,4,1301128.39,325282.0975,55,2,2,Lower-Value Property Buyers
C1047,Individual,Ronald,Reyes,1984-12-12,M,USA,Virginia,Home,3,No,Website,3,1333737.83,444579.2766666667,39,1,1,Higher-Value Property Buyers
C1048,Individual,Angela,Turner,1970-01-27,F,USA,Oregon,Investment,1,No,Agency,3,1349339.41,449779.8033333333,54,1,1,Higher-Value Property Buyers
C1049,Individual,Tiffany,Sanders,1940-05-11,F,USA,California,Investment,5,No,Website,3,1214294.1600000001,404764.72000000003,84,1,1,Higher-Value Property Buyers
C1050,Individual,Tyler,Watson,1955-03-10,M,USA,Georgia,Home,4,Yes,Website,4,1274655.09,318663.7725,69,2,2,Lower-Value Property Buyers
C1051,Individual,Cheryl,Hansen,1958-07-19,F,USA,Virginia,Home,1,Yes,Agency,3,894972.26,298324.08666666667,65,2,2,Lower-Value Property Buyers
C1052,Individual,Kimberly,Parker,1953-04-24,F,USA,Utah,Home,1,Yes,Agency,4,1008000.54,252000.135,71,2,2,Lower-Value Property Buyers
C1053,Individual,Adam,Kim,1974-10-11,M,Mexico,Nuevo Leon,Home,2,Yes,Website,3,1280976.9,426992.3,49,1,1,Higher-Value Property Buyers
C1054,Individual,Edward,Foster,1989-04-09,M,USA,Arizona,Home,2,Yes,Website,3,837920.5800000001,279306.86000000004,35,2,2,Lower-Value Property Buyers
C1055,Individual,Jonathan,Bennett,1972-11-20,M,USA,New York,Investment,2,Yes,Website,3,811498.78,270499.5933333333,52,2,2,Lower-Value Property Buyers
C1056,Individual,Larry,Wilson,1979-01-19,M,USA,Colorado,Home,1,Yes,Website,3,1436352.77,478784.25666666665,45,1,1,Higher-Value Property Buyers
C1057,Individual,Jesse,Garcia,1994-04-17,M,USA,Nevada,Investment,5,No,Website,4,1430593.53,357648.3825,30,1,1,Higher-Value Property Buyers
C1058,Individual,Rachel,Weaver,1973-12-06,F,Germany,Bavaria,Home,3,Yes,Website,4,1526007.8199999998,381501.95499999996,50,1,1,Higher-Value Property Buyers
C1059,Individual,Danielle,Davis,1978-06-26,F,USA,California,Home,4,No,Website,3,1266979.76,422326.58666666667,46,1,1,Higher-Value Property Buyers
C1060,Individual,Christian,Evans,1940-12-25,M,USA,Nevada,Home,5,No,Agency,3,1167625.18,389208.3933333333,83,1,1,Higher-Value Property Buyers
C1061,Individual,Stephanie,Smith,1960-01-06,F,UK,Scotland,Home,1,No,Website,4,1689767.29,422441.8225,64,1,1,Higher-Value Property Buyers
C1062,Individual,Billy,Foster,1975-12-20,M,USA,California,Home,4,No,Agency,4,1766882.53,441720.6325,48,1,1,Higher-Value Property Buyers
C1063,Individual,Nicole,Weaver,1988-05-12,F,USA,New York,Investment,5,Yes,Website,3,1315820.94,438606.98,36,1,1,Higher-Value Property Buyers
C1064,Individual,Brandon,Pierce,1945-06-08,M,USA,California,Home,5,Yes,Website,3,695434.77,231811.59,79,2,2,Lower-Value Property Buyers
C1065,Individual,Mark,Reyes,1955-06-01,M,USA,Georgia,Home,3,Yes,Client,3,1107631.34,369210.4466666667,69,2,2,Lower-Value Property Buyers
C1066,Individual,Ashley,Moore,1941-09-21,F,Australia,Victoria,Home,1,No,Website,4,1208868.77,302217.1925,82,2,2,Lower-Value Property Buyers
C1067,Individual,Samuel,Howard,1942-12-24,M,Mexico,Jalisco,Investment,4,No,Agency,3,849001.36,283000.4533333333,81,2,2,Lower-Value Property Buyers
C1068,Individual,Kathleen,Carter,1984-10-02,F,USA,California,Home,3,No,Agency,3,1403831.31,467943.77,39,1,1,Higher-Value Property Buyers
C1069,Individual,Lawrence,Cox,1992-06-13,M,USA,Virginia,Home,3,Yes,Agency,3,1323760.8399999999,441253.6133333333,32,1,1,Higher-Value Property Buyers
C1070,Individual,Virginia,Rogers,1951-06-26,F,Germany,Bavaria,Home,5,No,Agency,3,1286265.1400000001,428755.0466666667,73,1,1,Higher-Value Property Buyers
C1071,Individual,Aaron,Johnson,1966-11-08,M,USA,Texas,Home,2,No,Agency,4,1047375.62,261843.905,57,2,2,Lower-Value Property Buyers
C1072,Individual,Kimberly,Jones,1962-10-06,F,USA,Utah,Home,3,No,Agency,3,829884.93,276628.31,61,2,2,Lower-Value Property Buyers
C1073,Individual,Carl,Collins,1955-02-07,M,USA,California,Investment,2,No,Website,4,1197808.83,299452.2075,69,2,2,Lower-Value Property Buyers
C1074,Individual,George,Foster,1954-10-07,M,UK,Northern Ireland,Home,1,No,Website,3,1004700.45,334900.14999999997,69,2,2,Lower-Value Property Buyers
C1075,Individual,Carolyn,Watson,1975-02-17,F,Mexico,Baja California,Home,3,No,Website,4,1178400.08,294600.02,49,2,2,Lower-Value Property Buyers
C1076,Individual,Betty,Thompson,1980-10-28,F,USA,Florida,Investment,3,No,Agency,3,884169.44,294723.14666666667,43,2,2,Lower-Value Property Buyers
C1077,Individual,Peter,Griffin,1982-07-03,M,USA,Texas,Investment,2,No,Agency,4,1467449.24,366862.31,42,1,1,Higher-Value Property Buyers
C1078,Individual,Joshua,Howard,1940-07-22,M,USA,Ohio,Home,1,No,Agency,3,1247337.58,415779.19333333336,83,1,1,Higher-Value Property Buyers
C1079,Individual,Steven,Hayes,1959-06-19,M,USA,California,Investment,4,Yes,Website,3,1151228.31,383742.77,65,1,1,Higher-Value Property Buyers
C1080,Individual,Hannah,Stewart,1956-06-10,F,UK,England,Investment,4,No,Agency,4,1594795.52,398698.88,68,1,1,Higher-Value Property Buyers
C1081,Company,Meridian,Co,1974-08-09,M,Russia,Novosibirsk,Home,4,Yes,Agency,3,1006584.7,335528.23333333334,49,2,2,Lower-Value Property Buyers
C1082,Individual,Patricia,Martin,1993-04-02,F,USA,Oregon,Investment,5,Yes,Website,3,829499.85,276499.95,31,2,2,Lower-Value Property Buyers
C1083,Individual,Pamela,Jackson,1950-06-10,F,USA,Colorado,Investment,4,No,Agency,4,1145122.1,286280.525,74,2,2,Lower-Value Property Buyers
C1084,Individual,Sarah,Hansen,1989-07-27,F,France,Ile-de-France,Home,4,No,Agency,4,1357921.15,339480.2875,34,1,1,Higher-Value Property Buyers
C1085,Individual,Sarah,Flores,1947-10-18,F,Australia,Queensland,Investment,1,No,Client,3,797675.03,265891.6766666667,76,2,2,Lower-Value Property Buyers
C1086,Individual,Timothy,Montgomery,1956-01-03,M,USA,Colorado,Home,1,Yes,Website,4,1339827.27,334956.8175,68,2,2,Lower-Value Property Buyers
C1087,Individual,Matthew,Owens,1984-03-01,M,USA,Colorado,Home,3,No,Website,4,1878433.21,469608.3025,40,1,1,Higher-Value Property Buyers
C1088,Individual,Nicholas,Stewart,1998-09-26,M,USA,Utah,Home,4,Yes,Agency,3,802271.19,267423.73,25,2,2,Lower-Value Property Buyers
C1089,Individual,Madison,Ward,1962-09-17,F,USA,Utah,Home,1,Yes,Website,4,959344.08,239836.02,62,2,2,Lower-Value Property Buyers
C1090,Individual,Laura,Moore,1962-07-09,F,Canada,Alberta,Home,3,Yes,Client,3,1217272.58,405757.5266666667,61,1,1,Higher-Value Property Buyers
C1091,Individual,Arthur,Phillips,1984-07-21,M,USA,Nevada,Home,1,Yes,Agency,3,741797.49,247265.83,39,2,2,Lower-Value Property Buyers
C1092,Individual,Terry,Adams,1996-11-24,M,USA,Oregon,Investment,2,No,Website,3,1213248.05,404416.01666666666,28,1,1,Higher-Value Property Buyers
C1093,Individual,Adam,Allen,1980-07-13,M,USA,Oregon,Home,1,Yes,Website,3,805402.8300000001,268467.61000000004,43,2,2,Lower-Value Property Buyers
C1094,Individual,Sarah,Cook,1960-12-02,F,USA,Washington,Home,2,Yes,Website,4,1631407.56,407851.89,63,1,1,Higher-Value Property Buyers
C1095,Individual,Cynthia,Howard,1940-02-26,F,USA,California,Home,3,No,Agency,4,1454366.24,363591.56,84,1,1,Higher-Value Property Buyers
C1096,Individual,Grace,Edwards,1965-05-20,F,USA,New York,Home,2,No,Client,4,1756661.91,439165.4775,59,1,1,Higher-Value Property Buyers
C1097,Individual,Teresa,Pierce,1962-07-16,F,Canada,Alberta,Home,3,Yes,Agency,3,1064342.81,354780.9366666667,61,2,2,Lower-Value Property Buyers
C1098,Individual,Paul,Young,1976-10-24,M,USA,California,Investment,3,No,Client,3,1187774.23,395924.74333333335,47,1,1,Higher-Value Property Buyers
C1099,Individual,Joan,Scott,1972-06-26,F,USA,Colorado,Home,3,No,Agency,4,1426501.12,356625.28,52,1,1,Higher-Value Property Buyers
C1100,Individual,Frank,Thomas,1940-05-14,M,Russia,Novosibirsk,Home,1,No,Website,4,1314225.5899999999,328556.39749999996,84,2,2,Lower-Value Property Buyers
C1101,Individual,Matthew,King,1964-03-01,M,Belgium,Flanders,Home,5,No,Website,4,1037914.4299999999,259478.60749999998,60,2,2,Lower-Value Property Buyers
C1102,Company,Harmon,Co,1960-06-05,M,Germany,Berlin,Home,2,No,Agency,4,1248456.03,312114.0075,64,2,2,Lower-Value Property Buyers
C1103,Individual,Jose,Johnson,1961-04-27,M,Belgium,Wallonia,Home,4,No,Agency,4,1206840.81,301710.2025,63,2,2,Lower-Value Property Buyers
C1104,Individual,Christian,Weaver,1998-10-15,M,USA,Utah,Investment,5,Yes,Website,3,893996.19,297998.73,25,2,2,Lower-Value Property Buyers
C1105,Individual,Roger,Ward,1940-01-14,M,USA,Nevada,Home,3,Yes,Website,4,1623510.31,405877.5775,84,1,1,Higher-Value Property Buyers
C1106,Individual,Sean,Martin,1982-05-16,M,USA,California,Home,1,No,Agency,3,773499.85,257833.28333333333,42,2,2,Lower-Value Property Buyers
C1107,Individual,Frank,Hayes,1948-01-15,M,Canada,British Columbia,Home,1,No,Website,3,1156527.59,385509.1966666667,76,2,2,Lower-Value Property Buyers
C1108,Individual,Helen,Ward,1994-12-01,F,Australia,South Australia,Home,4,No,Website,3,1069904.1,356634.7,30,2,2,Lower-Value Property Buyers
C1109,Individual,Rebecca,Anderson,1967-05-09,F,USA,California,Home,1,Yes,Client,4,1756965.37,439241.3425,57,1,1,Higher-Value Property Buyers
C1110,Individual,Harold,Watson,1977-12-05,M,USA,New York,Home,5,Yes,Website,4,1445458.33,361364.5825,46,1,1,Higher-Value Property Buyers
C1111,Company,Corvus,Co,1967-01-23,M,USA,California,Home,4,Yes,Website,3,885146.14,295048.7133333333,57,2,2,Lower-Value Property Buyers
C1112,Individual,Donald,Green,1982-05-01,M,USA,Nevada,Investment,3,Yes,Website,3,961599.4199999999,320533.13999999996,42,2,2,Lower-Value Property Buyers
C1113,Individual,Brenda,Martin,1974-08-18,F,USA,Texas,Investment,2,No,Client,4,1162770.88,290692.72,49,2,2,Lower-Value Property Buyers
C1114,Individual,Cheryl,Wood,1992-04-02,F,USA,California,Home,3,No,Website,3,872825.73,290941.91,32,2,2,Lower-Value Property Buyers
C1115,Individual,Joseph,Bell,1973-10-24,M,USA,Colorado,Home,3,Yes,Agency,3,1054599.19,351533.0633333333,51,2,2,Lower-Value Property Buyers
C1116,Individual,Angela,Freeman,1991-12-17,F,USA,California,Home,1,Yes,Agency,3,766951.9500000001,255650.65000000002,32,2,2,Lower-Value Property Buyers
C1117,Individual,Rebecca,Patterson,1955-02-23,F,Mexico,Mexico City,Home,5,Yes,Website,4,1149629.49,287407.3725,69,2,2,Lower-Value Property Buyers
C1118,Company,Caldera,Co,1969-04-26,M,UK,Scotland,Investment,2,Yes,Website,3,859368.99,286456.33,55,2,2,Lower-Value Property Buyers
C1119,Individual,Larry,Green,1941-03-14,M,USA,Oregon,Home,1,Yes,Website,3,938703.6599999999,312901.22,83,2,2,Lower-Value Property Buyers
C1120,Individual,Kathleen,Carter,1979-07-16,F,USA,Arizona,Home,1,No,Website,4,1371211.29,342802.8225,44,1,1,Higher-Value Property Buyers
C1121,Individual,Carolyn,Gray,1985-02-06,F,USA,California,Home,1,No,Client,3,1014661.78,338220.5933333333,39,2,2,Lower-Value Property Buyers
C1122,Individual,Judith,Evans,1942-04-10,F,USA,California,Home,4,No,Website,4,1558949.2,389737.3,82,1,1,Higher-Value Property Buyers
C1123,Individual,Robert,Pierce,1951-11-03,M,USA,Virginia,Home,5,No,Agency,3,1241771.44,413923.8133333333,72,1,1,Higher-Value Property Buyers
C1124,Individual,Sharon,Murray,1976-04-02,F,USA,Oregon,Investment,5,Yes,Website,4,1272190.01,318047.5025,48,2,2,Lower-Value Property Buyers
C1125,Individual,Ronald,Price,1941-03-02,M,USA,Oregon,Home,3,No,Agency,3,1186907.08,395635.69333333336,83,1,1,Higher-Value Property Buyers
C1126,Company,Elara,Co,1983-02-16,M,USA,Virginia,Home,1,Yes,Website,3,893488.2,297829.39999999997,41,2,2,Lower-Value Property Buyers
C1127,Individual,Ann,Cooper,1943-06-15,F,UK,England,Investment,1,No,Website,3,838728.4,279576.13333333336,81,2,2,Lower-Value Property Buyers
C1128,Individual,Brian,Montgomery,1983-05-12,M,USA,California,Investment,1,No,Website,3,1186634.53,395544.8433333333,41,1,1,Higher-Value Property Buyers
C1129,Individual,Martha,Hansen,1945-03-09,F,USA,Colorado,Investment,5,No,Agency,4,1463125.26,365781.315,79,1,1,Higher-Value Property Buyers
C1130,Individual,Tiffany,Parker,1987-01-03,F,USA,Arizona,Home,5,No,Website,4,1326217.01,331554.2525,37,1,1,Higher-Value Property Buyers
C1131,Individual,Cheryl,Kim,1984-05-28,F,USA,California,Investment,3,No,Website,3,1210500.79,403500.26333333337,40,1,1,Higher-Value Property Buyers
C1132,Individual,Terry,Roberts,1982-01-21,M,USA,New York,Home,2,Yes,Website,3,1383901.27,461300.42333333334,43,1,1,Higher-Value Property Buyers
C1133,Individual,Jason,Hansen,1993-01-21,M,USA,Oregon,Investment,3,No,Website,4,1427019.92,356754.98,31,1,1,Higher-Value Property Buyers
C1134,Individual,Dorothy,Bennett,1943-10-10,F,USA,California,Investment,1,No,Website,4,1088583.78,272145.945,80,2,2,Lower-Value Property Buyers
C1135,Individual,Melissa,Phillips,1999-09-22,F,Russia,Moscow Oblast,Investment,5,Yes,Client,3,1186082.75,395360.9166666667,24,1,1,Higher-Value Property Buyers
C1136,Individual,Shirley,Weaver,1965-04-27,F,USA,California,Home,3,Yes,Agency,3,1016844.64,338948.2133333333,59,2,2,Lower-Value Property Buyers
C1137,Individual,Carol,Price,1986-12-24,F,USA,Nevada,Home,4,Yes,Agency,3,1114902.43,371634.1433333333,37,1,1,Higher-Value Property Buyers
C1138,Individual,George,Green,1964-08-24,M,USA,Oregon,Home,1,No,Website,3,840602.9199999999,280200.9733333333,59,2,2,Lower-Value Property Buyers
C1139,Individual,Tiffany,Green,1996-03-03,F,USA,California,Home,4,Yes,Client,3,1297382.59,432460.86333333334,28,1,1,Higher-Value Property Buyers
C1140,Individual,Billy,Jackson,1976-01-07,M,USA,Florida,Home,1,Yes,Website,3,1275809.71,425269.9033333333,49,1,1,Higher-Value Property Buyers
C1141,Individual,Kimberly,Montgomery,2000-01-26,F,USA,Arizona,Investment,3,No,Website,3,990242.33,330080.7766666667,24,2,2,Lower-Value Property Buyers
C1142,Individual,Julia,Hughes,1948-10-03,F,USA,Colorado,Home,2,Yes,Agency,4,1492680.13,373170.0325,75,1,1,Higher-Value Property Buyers
C1143,Individual,Michael,Garcia,1994-10-09,M,USA,Arizona,Home,2,Yes,Website,3,1108329.67,369443.2233333333,29,2,2,Lower-Value Property Buyers
C1144,Individual,Diane,Young,1978-10-11,F,USA,Georgia,Investment,4,No,Client,4,1244666.12,311166.53,45,2,2,Lower-Value Property Buyers
C1145,Individual,Ethan,King,1993-04-04,M,USA,Nevada,Home,5,No,Website,3,1118850.31,372950.10333333333,31,1,1,Higher-Value Property Buyers
C1146,Individual,Richard,Weaver,1991-03-14,M,USA,California,Investment,2,No,Website,3,1037824.43,345941.4766666667,33,2,2,Lower-Value Property Buyers
C1147,Individual,Brittany,Edwards,1978-09-02,F,USA,Utah,Home,3,No,Website,3,905314.84,301771.61333333334,45,2,2,Lower-Value Property Buyers
C1148,Individual,Joshua,Rogers,1991-07-15,M,Australia,New South Wales,Home,1,Yes,Agency,3,1083677.57,361225.8566666667,32,2,2,Lower-Value Property Buyers
C1149,Individual,Kimberly,Thomas,1980-06-03,F,Russia,Tatarstan,Home,3,No,Agency,4,1277449.99,319362.4975,44,2,2,Lower-Value Property Buyers
C1150,Individual,Tiffany,Cook,1992-08-11,F,USA,Nevada,Investment,4,No,Agency,3,1476970.3,492323.43333333335,31,1,1,Higher-Value Property Buyers
C1151,Individual,Tyler,Anderson,1963-12-14,M,USA,Arizona,Investment,2,No,Website,4,1760000.3399999999,440000.08499999996,60,1,1,Higher-Value Property Buyers
C1152,Individual,Jason,Williams,1977-09-16,M,USA,Georgia,Home,1,No,Website,4,1654928.32,413732.08,46,1,1,Higher-Value Property Buyers
C1153,Individual,Scott,Sanders,1991-09-14,M,USA,California,Home,1,No,Website,3,1007630.0,335876.6666666667,32,2,2,Lower-Value Property Buyers
C1154,Individual,Jerry,Brown,1956-12-07,M,USA,Utah,Home,5,Yes,Agency,4,1373889.96,343472.49,67,1,1,Higher-Value Property Buyers
C1155,Individual,William,Young,1977-03-03,M,USA,California,Home,5,No,Website,3,1577625.0,525875.0,47,1,1,Higher-Value Property Buyers
C1156,Individual,Dorothy,Kim,1956-05-16,F,USA,Virginia,Home,4,No,Agency,3,859956.66,286652.22000000003,68,2,2,Lower-Value Property Buyers
C1157,Individual,Kenneth,Davis,1944-02-11,M,Canada,Alberta,Investment,2,No,Website,4,894080.38,223520.095,80,2,2,Lower-Value Property Buyers
C1158,Individual,Joan,Pierce,1955-05-19,F,USA,California,Investment,2,No,Website,3,941360.29,313786.76333333337,69,2,2,Lower-Value Property Buyers
C1159,Individual,Gerald,Howard,1940-03-24,M,USA,Nevada,Investment,1,Yes,Website,3,1170550.92,390183.63999999996,84,2,2,Lower-Value Property Buyers
C1160,Individual,Walter,Griffin,1980-11-21,M,USA,Florida,Home,2,Yes,Website,4,1359425.8599999999,339856.46499999997,43,1,1,Higher-Value Property Buyers
C1161,Individual,Stephen,White,1994-12-02,M,Canada,Alberta,Investment,3,Yes,Website,4,2022416.31,505604.0775,29,1,1,Higher-Value Property Buyers
C1162,Individual,Charles,Nelson,1962-01-25,M,USA,California,Investment,2,No,Website,4,1116223.63,279055.9075,62,2,2,Lower-Value Property Buyers
C1163,Individual,Noah,Morales,1998-10-26,M,USA,California,Home,3,Yes,Website,4,1202709.18,300677.295,25,2,2,Lower-Value Property Buyers
C1164,Individual,Emma,Watson,1968-11-04,F,Belgium,Wallonia,Home,3,Yes,Agency,4,1315287.03,328821.7575,55,2,2,Lower-Value Property Buyers
C1165,Individual,Victoria,Alexander,1994-09-26,F,Russia,Moscow Oblast,Home,1,No,Website,3,970705.3999999999,323568.4666666666,30,2,2,Lower-Value Property Buyers
C1166,Individual,Scott,Hall,1991-11-15,M,USA,New York,Investment,1,No,Website,4,1163601.79,290900.4475,32,2,2,Lower-Value Property Buyers
C1167,Individual,Kevin,Alexander,1967-12-20,M,UK,Scotland,Home,3,No,Website,3,1163104.83,387701.61000000004,56,1,1,Higher-Value Property Buyers
C1168,Individual,Brittany,Reyes,1998-12-25,F,Germany,Hamburg,Home,2,Yes,Agency,4,1081069.19,270267.2975,25,2,2,Lower-Value Property Buyers
C1169,Individual,Noah,Bryant,1994-05-01,M,Russia,Saint Petersburg,Home,5,Yes,Agency,4,900300.22,225075.055,30,2,2,Lower-Value Property Buyers
C1170,Individual,Amanda,Collins,1990-09-02,F,USA,Nevada,Home,1,Yes,Website,4,1165955.62,291488.905,33,2,2,Lower-Value Property Buyers
C1171,Individual,Anna,Patterson,1984-08-21,F,USA,California,Investment,4,Yes,Website,4,1561809.25,390452.3125,39,1,1,Higher-Value Property Buyers
C1172,Individual,Victoria,Freeman,1942-05-11,F,USA,Nevada,Home,5,No,Website,4,1240274.79,310068.6975,82,2,2,Lower-Value Property Buyers
C1173,Individual,Cheryl,Price,1984-02-11,F,Canada,Manitoba,Investment,1,No,Website,4,1261072.17,315268.0425,40,2,2,Lower-Value Property Buyers
C1174,Individual,Kenneth,White,1982-06-07,M,USA,Nevada,Home,2,No,Agency,4,1414798.99,353699.7475,43,1,1,Higher-Value Property Buyers
C1175,Individual,Evelyn,Long,1959-09-27,F,USA,California,Home,2,No,Website,4,1766232.62,441558.155,64,1,1,Higher-Value Property Buyers
C1176,Individual,Lauren,Baker,1975-03-06,F,USA,California,Investment,4,Yes,Agency,3,1003328.89,334442.9633333333,49,2,2,Lower-Value Property Buyers
C1177,Individual,Larry,Sanders,1998-05-09,M,USA,California,Investment,2,No,Agency,4,1047224.2699999999,261806.06749999998,26,2,2,Lower-Value Property Buyers
C1178,Individual,Jessica,Richardson,1950-07-16,F,USA,California,Home,1,No,Agency,3,744651.07,248217.02333333332,73,2,2,Lower-Value Property Buyers
C1179,Individual,Melissa,Anderson,1991-09-02,F,USA,California,Home,4,No,Agency,3,848152.02,282717.34,32,2,2,Lower-Value Property Buyers
C1180,Individual,Deborah,Miller,1995-11-07,F,Belgium,Brussels,Home,2,Yes,Website,4,1111089.24,277772.31,28,2,2,Lower-Value Property Buyers
C1181,Individual,Judith,Hansen,1956-03-23,F,USA,Nevada,Investment,5,No,Website,3,743723.3099999999,247907.77,69,2,2,Lower-Value Property Buyers
C1182,Individual,Christopher,Murray,1961-11-03,M,Germany,Bavaria,Investment,3,Yes,Website,4,1522183.38,380545.845,62,1,1,Higher-Value Property Buyers
C1183,Individual,Carl,Rogers,1993-11-14,M,USA,Arizona,Investment,1,No,Website,4,1364593.88,341148.47,30,1,1,Higher-Value Property Buyers
C1184,Individual,David,Nelson,1953-04-14,M,France,Ile-de-France,Home,2,No,Website,3,500255.63,166751.87666666668,71,2,2,Lower-Value Property Buyers
C1185,Individual,Ronald,Peterson,2000-06-27,M,USA,California,Home,3,No,Website,4,1218570.99,304642.7475,24,2,2,Lower-Value Property Buyers
C1186,Individual,Victoria,Bennett,1978-06-27,F,USA,Nevada,Home,3,Yes,Website,3,1141153.96,380384.6533333333,46,1,1,Higher-Value Property Buyers
C1187,Individual,Melissa,Pierce,1962-03-18,F,USA,Nevada,Home,4,No,Website,3,1097539.23,365846.41,62,2,2,Lower-Value Property Buyers
C1188,Individual,Matthew,White,1995-01-11,M,Canada,Alberta,Home,1,No,Client,4,1437535.25,359383.8125,29,1,1,Higher-Value Property Buyers
C1189,Individual,Peter,Alexander,1963-01-22,M,USA,Florida,Home,2,Yes,Client,4,1180295.09,295073.7725,61,2,2,Lower-Value Property Buyers
C1190,Individual,Sandra,Baker,1946-04-08,F,USA,Texas,Home,4,No,Client,4,1358669.02,339667.255,78,1,1,Higher-Value Property Buyers
C1191,Individual,Mary,Cox,1950-04-17,F,USA,California,Investment,3,No,Website,3,1095538.81,365179.60333333333,74,2,2,Lower-Value Property Buyers
C1192,Individual,Adam,Jones,2000-05-01,M,USA,Florida,Home,5,No,Website,4,1111237.94,277809.485,24,2,2,Lower-Value Property Buyers
C1193,Individual,Amy,Owens,1975-04-20,F,UK,England,Home,1,No,Website,4,946796.24,236699.06,49,2,2,Lower-Value Property Buyers
C1194,Individual,Melissa,Brooks,1943-06-17,F,USA,Colorado,Home,1,No,Website,3,1084957.53,361652.51,81,2,2,Lower-Value Property Buyers
C1195,Individual,Anna,Pierce,1990-07-06,F,USA,California,Home,4,Yes,Agency,4,1118238.91,279559.7275,34,2,2,Lower-Value Property Buyers
C1196,Individual,William,Freeman,1955-03-09,M,USA,Nevada,Home,2,No,Agency,4,1731153.76,432788.44,69,1,1,Higher-Value Property Buyers
C1197,Individual,Deborah,Roberts,1959-10-04,F,USA,Arizona,Home,4,No,Website,3,1439595.57,479865.19,64,1,1,Higher-Value Property Buyers
C1198,Individual,Lisa,Young,1960-01-21,F,USA,New York,Home,1,No,Agency,3,1415391.5899999999,471797.1966666666,64,1,1,Higher-Value Property Buyers
C1199,Individual,Justin,Campbell,1943-03-03,M,USA,Colorado,Home,2,No,Website,4,1013002.89,253250.7225,81,2,2,Lower-Value Property Buyers
C1200,Individual,Henry,Taylor,1969-03-11,M,USA,Utah,Home,4,No,Agency,4,1789601.3299999998,447400.33249999996,55,1,1,Higher-Value Property Buyers
C1201,Individual,Timothy,Stewart,2000-03-22,M,USA,Oregon,Investment,1,Yes,Website,4,1063833.91,265958.4775,24,2,2,Lower-Value Property Buyers
C1202,Company,Telnox,Co,1985-09-05,M,Canada,Quebec,Investment,5,Yes,Website,4,1527115.1600000001,381778.79000000004,38,1,1,Higher-Value Property Buyers
C1203,Individual,Ashley,Green,1962-01-18,F,USA,Arizona,Home,2,Yes,Website,3,1083378.55,361126.18333333335,62,2,2,Lower-Value Property Buyers
C1204,Individual,William,Reed,1992-03-04,M,Mexico,Puebla,Investment,2,Yes,Website,3,1231356.24,410452.08,32,1,1,Higher-Value Property Buyers
C1205,Individual,Patrick,Pierce,1959-05-15,M,Belgium,Flanders,Home,4,No,Website,3,968123.38,322707.79333333333,65,2,2,Lower-Value Property Buyers
C1206,Individual,Melissa,Baker,1957-09-12,F,USA,California,Investment,5,No,Website,3,941726.19,313908.73,66,2,2,Lower-Value Property Buyers
C1207,Individual,Lauren,Price,1973-10-24,F,USA,Texas,Home,5,Yes,Agency,4,1084392.98,271098.245,50,2,2,Lower-Value Property Buyers
C1208,Individual,Noah,Ward,1977-11-27,M,USA,Colorado,Home,1,No,Website,3,1277019.82,425673.2733333334,46,1,1,Higher-Value Property Buyers
C1209,Individual,Tiffany,Kim,1978-01-07,F,USA,California,Home,4,Yes,Website,4,1201633.01,300408.2525,46,2,2,Lower-Value Property Buyers
C1210,Individual,Dennis,Cox,1991-04-06,M,USA,California,Investment,1,No,Website,4,1146800.83,286700.2075,33,2,2,Lower-Value Property Buyers
C1211,Individual,Kathleen,Owens,1996-10-07,F,Canada,British Columbia,Home,5,Yes,Website,4,1447927.02,361981.755,27,1,1,Higher-Value Property Buyers
C1212,Individual,Lawrence,Gray,1957-11-07,M,USA,California,Home,1,No,Agency,4,1052290.76,263072.69,66,2,2,Lower-Value Property Buyers
C1213,Individual,Ruth,Martin,1993-06-08,F,Canada,Manitoba,Home,5,No,Website,3,829461.56,276487.1866666667,31,2,2,Lower-Value Property Buyers
C1214,Individual,Jennifer,Peterson,2000-10-08,F,USA,Florida,Home,1,No,Agency,4,1725018.4100000001,431254.60250000004,23,1,1,Higher-Value Property Buyers
C1215,Individual,Charles,Patterson,1994-07-24,M,USA,California,Home,3,No,Website,3,1140423.3800000001,380141.1266666667,29,1,1,Higher-Value Property Buyers
C1216,Individual,Martha,Jordan,1997-10-07,F,France,Normandy,Home,4,No,Website,3,1191384.37,397128.12333333335,26,1,1,Higher-Value Property Buyers
C1217,Individual,William,Carter,1997-05-01,M,USA,California,Investment,4,Yes,Website,3,1007204.78,335734.9266666667,27,2,2,Lower-Value Property Buyers
C1218,Individual,Teresa,Smith,1941-12-28,F,USA,California,Home,1,Yes,Website,4,1308613.5699999998,327153.39249999996,82,2,2,Lower-Value Property Buyers
C1219,Individual,Danielle,Howard,1983-06-12,F,USA,Arizona,Home,1,Yes,Website,3,867409.27,289136.42333333334,41,2,2,Lower-Value Property Buyers
C1220,Individual,Christina,Martin,1967-08-09,F,USA,Colorado,Investment,4,Yes,Website,4,1471199.75,367799.9375,56,1,1,Higher-Value Property Buyers
C1221,Individual,Cynthia,Thomas,1984-05-23,F,USA,Nevada,Investment,2,No,Agency,3,1354868.93,451622.9766666666,40,1,1,Higher-Value Property Buyers
C1222,Individual,Christopher,Taylor,1969-07-01,M,USA,Utah,Home,4,No,Website,3,1319349.8599999999,439783.2866666666,55,1,1,Higher-Value Property Buyers
C1223,Individual,Sharon,Stone,1952-09-17,F,USA,Washington,Home,4,No,Website,3,1072582.78,357527.5933333333,71,2,2,Lower-Value Property Buyers
C1224,Individual,Paul,Carter,1942-06-13,M,USA,New York,Investment,5,Yes,Client,3,827238.27,275746.09,82,2,2,Lower-Value Property Buyers
C1225,Individual,Larry,James,1990-10-11,M,USA,Oregon,Home,2,No,Website,3,1122587.7,374195.89999999997,34,2,2,Lower-Value Property Buyers
C1226,Individual,Michael,Sanders,1989-01-05,M,USA,Utah,Home,4,No,Website,3,972596.1300000001,324198.71,35,2,2,Lower-Value Property Buyers
C1227,Individual,Alexander,Reyes,1987-03-13,M,USA,Colorado,Home,3,Yes,Agency,4,2151534.73,537883.6825,37,1,1,Higher-Value Property Buyers
C1228,Individual,Joseph,Howard,1954-07-07,M,USA,California,Home,2,No,Website,3,1058718.77,352906.25666666665,70,2,2,Lower-Value Property Buyers
C1229,Individual,Madison,Reyes,1994-02-11,F,UK,Scotland,Home,1,Yes,Website,3,1185126.78,395042.26,30,1,1,Higher-Value Property Buyers
C1230,Individual,Lawrence,Parker,1985-02-18,M,USA,California,Home,5,No,Client,3,759973.15,253324.38333333333,39,2,2,Lower-Value Property Buyers
C1231,Individual,Betty,Carter,1954-09-12,F,USA,California,Home,2,No,Agency,3,859705.1699999999,286568.38999999996,69,2,2,Lower-Value Property Buyers
C1232,Individual,Mary,Jackson,1989-09-23,F,Canada,British Columbia,Home,3,No,Website,4,1527373.03,381843.2575,34,1,1,Higher-Value Property Buyers
C1233,Individual,Brian,Scott,1979-05-08,M,USA,Utah,Home,4,No,Website,3,936287.8,312095.93333333335,45,2,2,Lower-Value Property Buyers
C1234,Individual,Karen,King,1957-01-20,F,USA,Colorado,Investment,1,No,Website,4,1463190.28,365797.57,67,1,1,Higher-Value Property Buyers
C1235,Individual,Michael,Morales,1957-05-27,M,USA,Arizona,Home,2,No,Website,4,1271344.1099999999,317836.02749999997,67,2,2,Lower-Value Property Buyers
C1236,Individual,Brandon,Cook,1972-08-24,M,USA,Arizona,Home,4,Yes,Website,4,1747766.02,436941.505,51,1,1,Higher-Value Property Buyers
C1237,Individual,Helen,Cook,1943-09-25,F,UK,Wales,Investment,4,Yes,Website,3,688233.74,229411.24666666667,80,2,2,Lower-Value Property Buyers
C1238,Individual,Joshua,Bennett,1946-04-22,M,USA,Nevada,Home,1,Yes,Agency,4,1648873.57,412218.3925,78,1,1,Higher-Value Property Buyers
C1239,Individual,Catherine,Adams,1953-07-02,F,USA,Oregon,Home,3,No,Agency,4,1457041.08,364260.27,70,1,1,Higher-Value Property Buyers
C1240,Individual,Gloria,Wright,1984-12-11,F,USA,Nevada,Investment,4,Yes,Website,3,1018594.4400000001,339531.48000000004,39,2,2,Lower-Value Property Buyers
C1241,Individual,Danielle,Martin,1973-08-19,F,USA,California,Home,1,No,Agency,4,1157084.5899999999,289271.14749999996,50,2,2,Lower-Value Property Buyers
C1242,Individual,Gerald,Collins,1961-09-22,M,USA,California,Home,3,Yes,Website,3,1055842.78,351947.5933333333,62,2,2,Lower-Value Property Buyers
C1243,Individual,Jeffrey,Edwards,1948-04-10,M,USA,Colorado,Home,1,No,Website,4,1419502.04,354875.51,76,1,1,Higher-Value Property Buyers
C1244,Individual,Joseph,Phillips,1992-10-06,M,USA,Utah,Investment,5,Yes,Website,3,1438309.93,479436.6433333333,31,1,1,Higher-Value Property Buyers
C1245,Individual,Edward,Reyes,1963-10-02,M,USA,California,Home,3,Yes,Agency,3,1422519.51,474173.17,60,1,1,Higher-Value Property Buyers
C1246,Individual,Joyce,Jackson,1943-10-05,F,Canada,Alberta,Home,2,No,Agency,3,859984.47,286661.49,80,2,2,Lower-Value Property Buyers
C1247,Individual,Judy,Moore,1957-09-04,F,USA,Nevada,Investment,2,No,Website,4,1774416.3199999998,443604.07999999996,66,1,1,Higher-Value Property Buyers
C1248,Individual,Sara,Scott,1976-04-07,F,USA,Arizona,Home,3,No,Agency,3,786895.89,262298.63,48,2,2,Lower-Value Property Buyers
C1249,Individual,Janet,James,1971-07-14,F,USA,California,Investment,1,No,Website,4,1289938.6400000001,322484.66000000003,52,2,2,Lower-Value Property Buyers
C1250,Individual,Jordan,Stewart,1950-04-19,M,USA,Nevada,Home,5,No,Agency,3,1582661.61,527553.87,74,1,1,Higher-Value Property Buyers
C1251,Individual,Aaron,Thompson,1975-01-11,M,USA,Texas,Investment,5,No,Website,4,1246714.37,311678.5925,49,2,2,Lower-Value Property Buyers
C1252,Individual,Margaret,Cook,1962-02-27,F,USA,Arizona,Home,3,Yes,Website,3,1137673.55,379224.51666666666,62,2,2,Lower-Value Property Buyers
C1253,Individual,Jason,Flores,1991-09-24,M,USA,California,Home,2,No,Agency,3,767162.2200000001,255720.74000000002,32,2,2,Lower-Value Property Buyers
C1254,Individual,Ethan,Freeman,1956-04-04,M,USA,California,Home,5,Yes,Agency,4,1604050.8800000001,401012.72000000003,68,1,1,Higher-Value Property Buyers
C1255,Individual,Mark,Patterson,1999-09-15,M,USA,California,Home,3,No,Agency,4,1105130.19,276282.5475,24,2,2,Lower-Value Property Buyers
C1256,Company,Triton,Co,1972-02-18,F,USA,California,Investment,4,No,Agency,3,1227293.02,409097.67333333334,53,1,1,Higher-Value Property Buyers
C1257,Individual,Michael,Scott,1991-12-22,M,USA,California,Home,5,Yes,Agency,3,850550.13,283516.71,32,2,2,Lower-Value Property Buyers
C1258,Individual,Betty,Stone,1969-06-22,F,USA,Nevada,Home,1,No,Website,4,1015636.19,253909.0475,55,2,2,Lower-Value Property Buyers
C1259,Individual,William,Edwards,1971-02-19,M,USA,California,Investment,3,Yes,Agency,4,1256766.51,314191.6275,53,2,2,Lower-Value Property Buyers
C1260,Individual,Elizabeth,Ward,1992-08-24,F,USA,California,Home,2,No,Agency,4,1633449.34,408362.335,31,1,1,Higher-Value Property Buyers
C1261,Individual,Patrick,Kim,1976-03-09,M,USA,Utah,Home,3,No,Client,3,1491163.72,497054.5733333333,49,1,1,Higher-Value Property Buyers
C1262,Individual,Dorothy,Evans,1950-10-11,F,USA,California,Investment,4,No,Agency,3,961425.37,320475.12333333335,73,2,2,Lower-Value Property Buyers
C1263,Individual,Lawrence,Alexander,1951-11-17,M,USA,California,Investment,3,No,Agency,4,1975384.2000000002,493846.05000000005,72,1,1,Higher-Value Property Buyers
C1264,Individual,Sarah,Garcia,1999-06-12,F,USA,California,Investment,1,No,Agency,3,1287173.46,429057.82,25,1,1,Higher-Value Property Buyers
C1265,Individual,Gary,White,1943-03-24,M,USA,Washington,Home,1,Yes,Agency,3,1070432.96,356810.98666666663,81,2,2,Lower-Value Property Buyers
C1266,Individual,Christopher,Hughes,1952-06-20,M,UK,England,Home,2,No,Website,4,1204291.73,301072.9325,72,2,2,Lower-Value Property Buyers
C1267,Individual,Dorothy,Peterson,1965-07-04,F,USA,Colorado,Home,3,Yes,Website,3,1399933.8800000001,466644.6266666667,58,1,1,Higher-Value Property Buyers
C1268,Individual,Gloria,Green,1995-01-10,F,UK,Northern Ireland,Investment,1,Yes,Website,3,968928.25,322976.0833333333,29,2,2,Lower-Value Property Buyers
C1269,Individual,Jack,Bennett,1964-09-28,M,USA,California,Home,5,No,Website,3,1046535.0,348845.0,59,2,2,Lower-Value Property Buyers
C1270,Individual,Cheryl,Ward,1978-10-18,F,USA,Texas,Home,4,No,Agency,3,1310435.53,436811.8433333333,45,1,1,Higher-Value Property Buyers
C1271,Individual,Noah,Anderson,1992-10-09,M,USA,California,Home,2,Yes,Agency,4,1296911.85,324227.9625,31,2,2,Lower-Value Property Buyers
C1272,Individual,Ryan,Collins,1941-05-13,M,France,Occitanie,Home,1,Yes,Website,3,778830.7999999999,259610.26666666663,83,2,2,Lower-Value Property Buyers
C1273,Individual,Gerald,Jordan,1968-05-13,M,Canada,Alberta,Home,5,No,Website,3,1462080.32,487360.1066666667,56,1,1,Higher-Value Property Buyers
C1274,Individual,Linda,Jones,1979-09-07,F,USA,California,Investment,1,Yes,Website,3,1038831.8500000001,346277.2833333334,44,2,2,Lower-Value Property Buyers
C1275,Individual,Jessica,Roberts,1969-02-26,F,USA,Georgia,Investment,1,No,Website,4,1737593.0,434398.25,55,1,1,Higher-Value Property Buyers
C1276,Individual,Arthur,Griffin,1940-09-03,M,Australia,Victoria,Home,1,Yes,Agency,3,1635917.97,545305.99,83,1,1,Higher-Value Property Buyers
C1277,Individual,Lauren,Griffin,1981-01-04,F,USA,California,Investment,2,No,Agency,3,1270250.68,423416.8933333333,43,1,1,Higher-Value Property Buyers
C1278,Individual,Arthur,Griffin,1997-07-25,M,USA,Utah,Home,4,No,Website,3,685587.81,228529.27000000002,26,2,2,Lower-Value Property Buyers
C1279,Individual,Peter,Martin,1943-12-10,M,USA,California,Home,4,Yes,Website,3,1278123.59,426041.1966666667,80,1,1,Higher-Value Property Buyers
C1280,Individual,Jacob,Bennett,1953-09-19,M,USA,Texas,Home,2,Yes,Website,3,1295836.68,431945.56,70,1,1,Higher-Value Property Buyers
C1281,Individual,Deborah,Edwards,1998-12-06,F,Canada,Manitoba,Investment,2,Yes,Website,3,889312.14,296437.38,25,2,2,Lower-Value Property Buyers
C1282,Individual,Ashley,Taylor,1996-05-18,F,USA,Colorado,Investment,3,Yes,Agency,4,1302998.6,325749.65,28,2,2,Lower-Value Property Buyers
C1283,Individual,Janice,Collins,1945-08-11,F,USA,New York,Home,3,No,Agency,4,1479050.94,369762.735,78,1,1,Higher-Value Property Buyers
C1284,Individual,Patrick,Bennett,1955-10-16,M,USA,California,Home,2,No,Website,4,1443865.51,360966.3775,68,1,1,Higher-Value Property Buyers
C1285,Individual,Steven,Cox,1954-02-03,M,USA,Utah,Home,4,Yes,Website,3,1609592.58,536530.86,70,1,1,Higher-Value Property Buyers
C1286,Individual,Stephen,Evans,1963-10-07,M,USA,California,Home,5,No,Agency,3,1203306.91,401102.3033333333,60,1,1,Higher-Value Property Buyers
C1287,Individual,Diane,Hughes,1998-07-04,F,USA,California,Investment,4,No,Website,3,843581.37,281193.79,27,2,2,Lower-Value Property Buyers
C1288,Individual,Sean,Cooper,1941-01-20,M,Belgium,Wallonia,Home,3,No,Agency,3,971136.6900000001,323712.23000000004,83,2,2,Lower-Value Property Buyers
C1289,Individual,Samuel,Freeman,1973-07-26,M,Mexico,Jalisco,Investment,1,Yes,Agency,4,1076161.8599999999,269040.46499999997,50,2,2,Lower-Value Property Buyers
C1290,Individual,Teresa,Long,1973-10-24,F,USA,Washington,Home,3,Yes,Website,4,1332432.9100000001,333108.22750000004,50,1,1,Higher-Value Property Buyers
C1291,Individual,Paul,Johnson,1983-09-11,M,USA,California,Investment,5,Yes,Website,3,1123403.46,374467.82,40,1,1,Higher-Value Property Buyers
C1292,Individual,Jordan,Evans,1977-05-22,M,USA,Texas,Investment,5,Yes,Website,4,1099365.94,274841.485,47,2,2,Lower-Value Property Buyers
C1293,Individual,Anna,Wright,1972-01-08,F,USA,California,Home,1,No,Agency,4,1853570.08,463392.52,52,1,1,Higher-Value Property Buyers
C1294,Individual,Henry,Davis,1963-09-02,M,Canada,Ontario,Investment,3,Yes,Agency,3,1220533.28,406844.4266666667,60,1,1,Higher-Value Property Buyers
C1295,Individual,Anna,Bryant,1992-04-21,F,USA,California,Investment,1,Yes,Website,4,1478836.57,369709.1425,32,1,1,Higher-Value Property Buyers
C1296,Individual,Keith,Hughes,1963-02-06,M,USA,Virginia,Home,1,No,Website,3,1025127.71,341709.23666666663,61,2,2,Lower-Value Property Buyers
C1297,Company,Vertex,Co,1983-06-09,M,Germany,Berlin,Home,5,No,Website,3,1169866.19,389955.39666666667,41,1,1,Higher-Value Property Buyers
C1298,Individual,Margaret,Taylor,1968-04-08,F,USA,California,Home,2,No,Agency,4,1571360.11,392840.0275,56,1,1,Higher-Value Property Buyers
C1299,Individual,Karen,James,1944-05-05,F,USA,California,Investment,3,No,Website,3,1296600.42,432200.13999999996,80,1,1,Higher-Value Property Buyers
C1300,Individual,Judith,Collins,1961-06-01,F,USA,California,Home,2,No,Website,3,1428770.88,476256.95999999996,63,1,1,Higher-Value Property Buyers
C1301,Individual,Benjamin,Hayes,1955-12-17,M,USA,Virginia,Home,2,No,Agency,3,742139.88,247379.96,68,2,2,Lower-Value Property Buyers
C1302,Individual,Jerry,Anderson,1996-04-19,M,USA,Arizona,Investment,5,No,Website,4,1709532.6,427383.15,28,1,1,Higher-Value Property Buyers
C1303,Individual,Christian,Miller,1962-08-22,M,USA,Arizona,Home,3,Yes,Website,3,979418.98,326472.99333333335,61,2,2,Lower-Value Property Buyers
C1304,Individual,Angela,Cook,1985-08-06,F,USA,California,Investment,1,No,Website,3,965747.81,321915.9366666667,38,2,2,Lower-Value Property Buyers
C1305,Individual,Catherine,Anderson,1978-09-17,F,USA,Georgia,Home,4,No,Website,4,1034190.9,258547.725,45,2,2,Lower-Value Property Buyers
C1306,Individual,Kathleen,Morales,1948-03-18,F,USA,Washington,Home,5,No,Website,3,967094.76,322364.92,76,2,2,Lower-Value Property Buyers
C1307,Individual,Rachel,Rogers,1993-02-14,F,USA,Colorado,Home,5,No,Agency,3,920439.02,306813.00666666665,31,2,2,Lower-Value Property Buyers
C1308,Individual,Timothy,Sanders,2000-04-03,M,USA,California,Investment,5,No,Agency,4,1363559.13,340889.7825,24,1,1,Higher-Value Property Buyers
C1309,Individual,David,Reyes,1999-06-12,M,USA,California,Home,5,No,Website,3,1460171.4100000001,486723.8033333334,25,1,1,Higher-Value Property Buyers
C1310,Individual,Ann,Roberts,1955-04-05,F,USA,New York,Home,5,No,Agency,4,1244334.1400000001,311083.53500000003,69,2,2,Lower-Value Property Buyers
C1311,Individual,Christopher,Ward,1940-08-14,M,UK,England,Home,4,Yes,Client,3,1352275.6400000001,450758.5466666667,83,1,1,Higher-Value Property Buyers
C1312,Individual,Timothy,Stone,1942-03-09,M,USA,New York,Home,5,No,Website,3,786877.06,262292.35333333333,82,2,2,Lower-Value Property Buyers
C1313,Individual,Heather,Reed,1972-03-17,F,Australia,Western Australia,Investment,3,No,Website,3,997579.61,332526.5366666667,52,2,2,Lower-Value Property Buyers
C1314,Individual,Rachel,Miller,1964-09-17,F,USA,Arizona,Home,3,No,Website,3,803329.23,267776.41,59,2,2,Lower-Value Property Buyers
C1315,Individual,Joshua,Garcia,1948-12-24,M,USA,Colorado,Home,3,No,Agency,3,1066308.48,355436.16,75,2,2,Lower-Value Property Buyers
C1316,Individual,Emma,King,1993-09-05,F,USA,Colorado,Home,2,Yes,Website,4,1238162.97,309540.7425,30,2,2,Lower-Value Property Buyers
C1317,Company,Atlas,Co,1973-11-27,M,USA,Utah,Home,2,Yes,Website,3,1315200.12,438400.04000000004,50,1,1,Higher-Value Property Buyers
C1318,Individual,William,Montgomery,1943-01-18,M,USA,Texas,Home,1,No,Website,4,1423923.98,355980.995,81,1,1,Higher-Value Property Buyers
C1319,Individual,Grace,James,1954-08-17,F,USA,Florida,Home,3,Yes,Client,4,1424704.13,356176.0325,69,1,1,Higher-Value Property Buyers
C1320,Individual,Peter,Reyes,1969-03-05,M,USA,California,Investment,1,No,Website,3,1077693.04,359231.01333333337,55,2,2,Lower-Value Property Buyers
C1321,Individual,Christopher,Reed,1990-11-09,M,USA,Colorado,Investment,5,No,Client,3,787847.37,262615.79,33,2,2,Lower-Value Property Buyers
C1322,Individual,Barbara,Reyes,1994-12-26,F,USA,California,Home,5,No,Agency,3,1094026.3399999999,364675.4466666666,29,1,1,Higher-Value Property Buyers
C1323,Individual,Nicholas,Moore,1963-07-28,M,USA,Utah,Home,3,No,Website,4,1180654.6,295163.65,60,2,2,Lower-Value Property Buyers
C1324,Individual,Carl,Edwards,1992-04-21,M,USA,Arizona,Investment,2,Yes,Agency,3,1323306.51,441102.17,32,1,1,Higher-Value Property Buyers
C1325,Individual,George,Jones,1974-09-12,M,Canada,Alberta,Home,5,Yes,Agency,4,1380292.56,345073.14,49,1,1,Higher-Value Property Buyers
C1326,Individual,Brandon,Mitchell,1944-05-22,M,USA,Colorado,Investment,4,No,Website,4,1489578.01,372394.5025,80,1,1,Higher-Value Property Buyers
C1327,Individual,Betty,Carter,1993-05-14,F,USA,California,Home,4,Yes,Website,3,664017.81,221339.27000000002,31,2,2,Lower-Value Property Buyers
C1328,Individual,Sandra,Cooper,1956-07-23,F,USA,Washington,Home,4,No,Website,4,1337283.29,334320.8225,67,1,1,Higher-Value Property Buyers
C1329,Individual,Scott,Parker,1968-04-28,M,USA,California,Investment,3,Yes,Agency,3,1041797.56,347265.85333333333,56,2,2,Lower-Value Property Buyers
C1330,Individual,Kelly,James,1975-02-05,F,USA,Colorado,Investment,2,No,Agency,4,835096.87,208774.2175,49,2,2,Lower-Value Property Buyers
C1331,Individual,Christina,Bennett,1986-06-10,F,USA,California,Investment,1,No,Agency,3,1047958.11,349319.37,38,2,2,Lower-Value Property Buyers
C1332,Individual,Michael,Howard,1995-11-12,M,USA,Washington,Investment,5,Yes,Agency,3,1227353.63,409117.87666666665,28,1,1,Higher-Value Property Buyers
C1333,Individual,Jack,Hansen,1988-03-27,M,USA,Nevada,Investment,2,Yes,Website,4,1364310.45,341077.6125,36,1,1,Higher-Value Property Buyers
C1334,Individual,Victoria,Nelson,1965-08-12,F,USA,California,Home,5,Yes,Agency,4,1906641.78,476660.445,58,1,1,Higher-Value Property Buyers
C1335,Individual,Elizabeth,Hall,1982-01-05,F,USA,Oregon,Investment,2,Yes,Website,3,1001510.5800000001,333836.86000000004,42,2,2,Lower-Value Property Buyers
C1336,Individual,Joyce,Thompson,1948-09-12,F,USA,California,Home,5,No,Client,4,1371591.4,342897.85,75,1,1,Higher-Value Property Buyers
C1337,Individual,Jennifer,Johnson,1953-09-20,F,USA,California,Investment,5,No,Website,4,1310989.71,327747.4275,70,2,2,Lower-Value Property Buyers
C1338,Individual,Christine,James,1968-01-12,F,USA,California,Home,2,Yes,Website,3,1096818.64,365606.2133333333,56,2,2,Lower-Value Property Buyers
C1339,Company,Rexon,Co,1961-02-24,M,USA,Nevada,Home,4,Yes,Website,4,1532340.63,383085.1575,63,1,1,Higher-Value Property Buyers
C1340,Company,Forsyte,Co,1988-05-12,M,USA,Colorado,Home,5,No,Website,4,1746049.93,436512.4825,36,1,1,Higher-Value Property Buyers
C1341,Individual,Julie,Cox,1952-09-23,F,USA,Colorado,Home,5,Yes,Website,3,756694.8300000001,252231.61000000002,71,2,2,Lower-Value Property Buyers
C1342,Individual,Maria,Griffin,1964-02-21,F,USA,California,Home,1,Yes,Agency,3,922722.19,307574.0633333333,60,2,2,Lower-Value Property Buyers
C1343,Individual,Megan,Turner,1995-03-13,F,Canada,Ontario,Home,5,No,Agency,3,1005148.6399999999,335049.54666666663,29,2,2,Lower-Value Property Buyers
C1344,Individual,Carl,Phillips,1974-05-24,M,USA,Florida,Home,1,No,Agency,4,1319490.92,329872.73,50,2,2,Lower-Value Property Buyers
C1345,Individual,Mary,Parker,1956-04-25,F,USA,Texas,Home,5,No,Website,3,942467.41,314155.80333333334,68,2,2,Lower-Value Property Buyers
C1346,Company,Triton,Co,1987-03-18,F,USA,Colorado,Investment,4,No,Agency,3,1037623.3900000001,345874.4633333334,37,2,2,Lower-Value Property Buyers
C1347,Individual,Mark,James,1956-02-13,M,USA,Washington,Home,2,No,Client,3,1001705.48,333901.82666666666,68,2,2,Lower-Value Property Buyers
C1348,Individual,Peter,Harris,1998-07-16,M,USA,Oregon,Home,4,Yes,Client,3,1021309.9299999999,340436.6433333333,26,2,2,Lower-Value Property Buyers
C1349,Individual,Joyce,Johnson,1982-02-14,F,USA,Virginia,Investment,3,No,Website,3,773186.34,257728.78,42,2,2,Lower-Value Property Buyers
C1350,Individual,Julia,King,1991-05-17,F,Germany,Hamburg,Home,5,No,Website,4,743296.88,185824.22,33,2,2,Lower-Value Property Buyers
C1351,Individual,Judith,Long,1987-06-24,F,Australia,South Australia,Home,2,No,Client,4,1400457.41,350114.3525,37,1,1,Higher-Value Property Buyers
C1352,Individual,Benjamin,Gray,1989-03-16,M,USA,California,Home,2,Yes,Agency,3,1535963.18,511987.7266666666,35,1,1,Higher-Value Property Buyers
C1353,Individual,Debra,Jackson,1997-10-15,F,Canada,Alberta,Home,1,No,Agency,3,532598.24,177532.74666666667,26,2,2,Lower-Value Property Buyers
C1354,Individual,Patrick,Johnson,1941-09-04,M,USA,Florida,Home,5,No,Website,3,1545799.94,515266.64666666667,83,1,1,Higher-Value Property Buyers
C1355,Individual,Shirley,Owens,1966-11-22,F,USA,California,Investment,2,Yes,Client,3,1245446.7799999998,415148.9266666666,58,1,1,Higher-Value Property Buyers
C1356,Individual,Jonathan,Morales,1994-03-26,M,USA,Oregon,Investment,4,No,Agency,3,1490237.62,496745.87333333335,30,1,1,Higher-Value Property Buyers
C1357,Individual,Danielle,Patterson,1987-01-03,F,USA,California,Home,5,Yes,Website,3,1077383.54,359127.8466666667,37,2,2,Lower-Value Property Buyers
C1358,Individual,Gregory,Taylor,1943-05-01,M,USA,Texas,Home,4,No,Agency,3,965180.83,321726.9433333333,81,2,2,Lower-Value Property Buyers
C1359,Individual,Gary,Owens,1975-07-25,M,USA,Virginia,Home,3,No,Agency,4,1381335.3,345333.825,48,1,1,Higher-Value Property Buyers
C1360,Individual,Billy,Nelson,1990-11-27,M,USA,Virginia,Home,4,No,Agency,3,1001006.54,333668.8466666667,33,2,2,Lower-Value Property Buyers
C1361,Individual,Ashley,Owens,1943-07-21,F,USA,California,Home,3,No,Client,4,1529260.3,382315.075,80,1,1,Higher-Value Property Buyers
C1362,Individual,Laura,Jordan,1965-04-13,F,USA,California,Investment,1,Yes,Agency,4,993131.84,248282.96,59,2,2,Lower-Value Property Buyers
C1363,Individual,James,Stone,1981-04-06,M,USA,Georgia,Home,5,Yes,Agency,4,1109919.3599999999,277479.83999999997,43,2,2,Lower-Value Property Buyers
C1364,Individual,Andrea,Watson,1998-12-23,F,USA,California,Investment,1,No,Website,4,1201578.93,300394.7325,25,2,2,Lower-Value Property Buyers
C1365,Individual,Tiffany,Sanders,1969-03-16,F,Belgium,Brussels,Investment,5,Yes,Website,4,1443894.02,360973.505,56,1,1,Higher-Value Property Buyers
C1366,Individual,George,Thompson,1995-07-27,M,USA,California,Home,1,No,Website,3,1488525.13,496175.0433333333,28,1,1,Higher-Value Property Buyers
C1367,Individual,Stephanie,Jordan,1953-11-01,F,Germany,Berlin,Home,2,No,Client,3,1035889.5,345296.5,70,2,2,Lower-Value Property Buyers
C1368,Individual,Jose,Gray,1947-11-22,M,USA,California,Home,5,Yes,Client,4,1378979.49,344744.8725,76,1,1,Higher-Value Property Buyers
C1369,Individual,Peter,Garcia,1983-07-10,M,France,Brittany,Home,4,Yes,Agency,4,1615394.12,403848.53,40,1,1,Higher-Value Property Buyers
C1370,Individual,Frank,Evans,1965-04-06,M,USA,Colorado,Investment,1,No,Agency,4,834659.23,208664.8075,59,2,2,Lower-Value Property Buyers
C1371,Individual,Timothy,Thomas,1989-06-19,M,UK,England,Home,2,Yes,Website,4,1036681.19,259170.2975,35,2,2,Lower-Value Property Buyers
C1372,Individual,Lisa,Turner,1981-11-21,F,USA,Washington,Investment,2,No,Website,3,874872.8,291624.26666666666,42,2,2,Lower-Value Property Buyers
C1373,Individual,Melissa,Evans,1992-11-10,F,USA,California,Home,3,Yes,Website,3,1275663.27,425221.09,31,1,1,Higher-Value Property Buyers
C1374,Company,Quasar,Co,1990-01-25,M,France,Ile-de-France,Home,3,Yes,Agency,3,1230590.28,410196.76,34,1,1,Higher-Value Property Buyers
C1375,Individual,Carolyn,Flores,1972-11-22,F,USA,California,Investment,4,Yes,Agency,4,1097182.3900000001,274295.59750000003,51,2,2,Lower-Value Property Buyers
C1376,Individual,Carolyn,Edwards,1987-06-23,F,USA,Arizona,Investment,3,Yes,Agency,3,1272387.2999999998,424129.0999999999,38,1,1,Higher-Value Property Buyers
C1377,Individual,Laura,Long,1984-04-01,F,USA,Utah,Investment,2,No,Website,3,828441.4099999999,276147.13666666666,40,2,2,Lower-Value Property Buyers
C1378,Individual,Maria,Morales,1976-11-19,F,USA,California,Investment,1,No,Website,3,1399739.87,466579.9566666667,48,1,1,Higher-Value Property Buyers
C1379,Individual,Kevin,Gray,1970-11-06,M,UK,Scotland,Home,2,No,Website,3,827767.69,275922.5633333333,53,2,2,Lower-Value Property Buyers
C1380,Individual,Michael,Hughes,1949-10-15,M,Canada,Alberta,Investment,4,No,Website,3,1012542.1799999999,337514.06,74,2,2,Lower-Value Property Buyers
C1381,Individual,Eric,Cox,1962-06-16,M,Germany,Hesse,Home,3,Yes,Website,3,1082639.9100000001,360879.97000000003,62,2,2,Lower-Value Property Buyers
C1382,Individual,Adam,James,1951-05-19,M,USA,Oregon,Home,2,No,Website,4,1176910.13,294227.5325,73,2,2,Lower-Value Property Buyers
C1383,Individual,Noah,Moore,1992-11-11,M,USA,California,Home,2,No,Agency,3,864768.8300000001,288256.2766666667,31,2,2,Lower-Value Property Buyers
C1384,Individual,Mary,Young,1988-10-03,F,USA,California,Home,2,Yes,Agency,3,905480.04,301826.68,35,2,2,Lower-Value Property Buyers
C1385,Individual,Kenneth,Owens,1946-01-06,M,USA,California,Home,1,No,Agency,3,1182983.03,394327.6766666667,78,1,1,Higher-Value Property Buyers
C1386,Individual,Harold,Howard,1947-08-23,M,USA,Washington,Home,4,Yes,Website,3,1284366.78,428122.26,76,1,1,Higher-Value Property Buyers
C1387,Individual,Jose,Reed,1943-05-27,M,Germany,Hamburg,Investment,4,No,Website,3,804550.47,268183.49,81,2,2,Lower-Value Property Buyers
C1388,Individual,Hannah,Stone,1999-04-20,F,USA,Washington,Home,3,No,Website,3,1183031.06,394343.6866666667,25,1,1,Higher-Value Property Buyers
C1389,Individual,Jordan,Montgomery,1952-03-07,M,UK,Scotland,Home,2,No,Website,4,1742522.83,435630.7075,72,1,1,Higher-Value Property Buyers
C1390,Individual,Lauren,Thomas,1979-07-21,F,USA,Nevada,Home,3,No,Website,3,906492.19,302164.0633333333,44,2,2,Lower-Value Property Buyers
C1391,Individual,Barbara,Campbell,1974-06-03,F,USA,Utah,Home,1,No,Website,4,1579627.98,394906.995,50,1,1,Higher-Value Property Buyers
C1392,Individual,Jose,Johnson,1990-05-06,M,USA,Colorado,Home,4,Yes,Agency,4,1434978.2000000002,358744.55000000005,34,1,1,Higher-Value Property Buyers
C1393,Individual,Virginia,Miller,1981-09-07,F,Mexico,Baja California,Investment,1,No,Agency,4,1187799.99,296949.9975,42,2,2,Lower-Value Property Buyers
C1394,Individual,Debra,Hansen,1977-02-26,F,USA,Nevada,Home,4,No,Website,4,1325404.6,331351.15,47,1,1,Higher-Value Property Buyers
C1395,Individual,Megan,Campbell,1988-09-27,F,Canada,Alberta,Investment,4,No,Website,4,1497964.92,374491.23,35,1,1,Higher-Value Property Buyers
C1396,Individual,Steven,Foster,1971-02-06,M,Canada,Manitoba,Investment,3,Yes,Website,3,977070.1199999999,325690.04,53,2,2,Lower-Value Property Buyers
C1397,Individual,Linda,Chavez,1983-10-03,F,USA,Nevada,Home,4,No,Website,4,1551369.83,387842.4575,40,1,1,Higher-Value Property Buyers
C1398,Individual,Alexander,Jones,1966-12-13,M,USA,California,Home,5,Yes,Website,3,926545.71,308848.57,57,2,2,Lower-Value Property Buyers
C1399,Individual,Lauren,Evans,1978-08-23,F,Canada,British Columbia,Home,5,No,Agency,4,1259614.96,314903.74,45,2,2,Lower-Value Property Buyers
C1400,Individual,Maria,Jones,1991-10-24,F,UK,Northern Ireland,Home,4,No,Client,4,1146194.54,286548.635,32,2,2,Lower-Value Property Buyers
C1401,Individual,Virginia,Brooks,1999-03-24,F,USA,Virginia,Investment,1,No,Website,4,1223523.71,305880.9275,25,2,2,Lower-Value Property Buyers
C1402,Individual,Helen,Jordan,1968-09-28,F,USA,Utah,Home,3,No,Agency,4,1394159.93,348539.9825,55,1,1,Higher-Value Property Buyers
C1403,Individual,Pamela,Scott,1983-09-22,F,USA,Oregon,Home,2,No,Website,4,1463350.69,365837.6725,40,1,1,Higher-Value Property Buyers
C1404,Individual,Sharon,Williams,1950-07-22,F,USA,California,Home,4,No,Agency,4,1193678.04,298419.51,73,2,2,Lower-Value Property Buyers
C1405,Individual,Ryan,Williams,1955-08-06,M,USA,Oregon,Home,5,No,Agency,3,1306722.3599999999,435574.11999999994,68,1,1,Higher-Value Property Buyers
C1406,Individual,Sara,Wood,1970-01-09,F,USA,California,Home,3,No,Website,4,1364413.45,341103.3625,54,1,1,Higher-Value Property Buyers
C1407,Individual,Sharon,Hansen,1956-03-22,F,USA,California,Home,1,No,Agency,4,1429717.0899999999,357429.27249999996,68,1,1,Higher-Value Property Buyers
C1408,Company,Grandis,Co,1963-11-13,F,USA,California,Home,2,No,Agency,4,1345035.74,336258.935,60,2,2,Lower-Value Property Buyers
C1409,Individual,Katherine,Price,1957-01-08,F,USA,Oregon,Investment,2,No,Website,3,1072801.12,357600.37333333335,67,2,2,Lower-Value Property Buyers
C1410,Individual,Jennifer,Edwards,1965-12-16,F,USA,Nevada,Home,2,No,Agency,4,1439196.49,359799.1225,58,1,1,Higher-Value Property Buyers
C1411,Individual,Anthony,Watson,1987-04-04,M,USA,California,Home,2,No,Client,4,1318823.1600000001,329705.79000000004,37,2,2,Lower-Value Property Buyers
C1412,Company,Optima,Co,1985-06-28,F,USA,Nevada,Home,2,No,Agency,4,1498125.2,374531.3,39,1,1,Higher-Value Property Buyers
C1413,Individual,Margaret,Rogers,1968-09-18,F,USA,California,Home,4,No,Agency,4,1489065.1600000001,372266.29000000004,55,1,1,Higher-Value Property Buyers
C1414,Individual,Michelle,Wright,1975-01-05,F,USA,Florida,Home,4,No,Website,4,1188718.7,297179.675,49,2,2,Lower-Value Property Buyers
C1415,Individual,Tyler,Murray,1959-07-14,M,USA,California,Investment,1,No,Website,3,748797.26,249599.08666666667,64,2,2,Lower-Value Property Buyers
C1416,Individual,Bryan,Peterson,1954-01-07,M,USA,Oregon,Home,2,No,Agency,3,1418066.3900000001,472688.7966666667,70,1,1,Higher-Value Property Buyers
C1417,Individual,Dennis,Williams,1953-10-26,M,UK,Scotland,Home,5,No,Website,3,1023021.48,341007.16,70,2,2,Lower-Value Property Buyers
C1418,Individual,Kyle,Cox,1954-06-04,M,USA,Ohio,Investment,2,No,Website,3,1443234.8900000001,481078.2966666667,70,1,1,Higher-Value Property Buyers
C1419,Individual,Jason,Peterson,1971-08-08,M,Germany,Hamburg,Investment,4,Yes,Website,4,1143605.72,285901.43,52,2,2,Lower-Value Property Buyers
C1420,Company,Terova,Co,1981-10-20,M,UK,Wales,Home,5,No,Website,4,1196856.69,299214.1725,42,2,2,Lower-Value Property Buyers
C1421,Individual,James,Jones,1957-11-14,M,USA,Colorado,Home,1,No,Website,3,938557.1900000001,312852.39666666667,66,2,2,Lower-Value Property Buyers
C1422,Individual,Billy,Hansen,1955-01-15,M,USA,Florida,Investment,1,Yes,Website,4,2032565.11,508141.2775,69,1,1,Higher-Value Property Buyers
C1423,Individual,Jack,Brooks,1955-09-21,M,UK,Northern Ireland,Home,4,Yes,Website,4,1822778.3599999999,455694.58999999997,68,1,1,Higher-Value Property Buyers
C1424,Individual,Judy,Harris,1954-12-03,F,USA,Utah,Home,2,Yes,Agency,3,1382756.57,460918.8566666667,69,1,1,Higher-Value Property Buyers
C1425,Individual,Raymond,Taylor,1971-12-16,M,Belgium,Flanders,Home,3,No,Website,3,1449563.3199999998,483187.77333333326,52,1,1,Higher-Value Property Buyers
C1426,Individual,Christina,Campbell,1964-05-20,F,USA,Washington,Home,2,No,Website,4,1709098.18,427274.545,60,1,1,Higher-Value Property Buyers
C1427,Individual,Julia,Richardson,1955-10-05,F,Australia,Victoria,Home,5,No,Website,4,1378636.21,344659.0525,68,1,1,Higher-Value Property Buyers
C1428,Individual,Nicole,Allen,1953-05-12,F,USA,Oregon,Home,4,Yes,Agency,4,1136052.54,284013.135,71,2,2,Lower-Value Property Buyers
C1429,Individual,Jesse,Stewart,1991-01-10,M,USA,Nevada,Investment,5,No,Agency,4,1697550.01,424387.5025,33,1,1,Higher-Value Property Buyers
C1430,Individual,Patrick,Allen,1963-11-09,M,USA,Nevada,Home,4,No,Website,3,928463.2,309487.73333333334,60,2,2,Lower-Value Property Buyers
C1431,Individual,Melissa,Griffin,1943-01-07,F,Germany,Hesse,Home,3,Yes,Website,4,1620159.73,405039.9325,81,1,1,Higher-Value Property Buyers
C1432,Individual,Larry,Weaver,1951-12-26,M,USA,Utah,Home,3,No,Agency,3,863383.74,287794.58,72,2,2,Lower-Value Property Buyers
C1433,Individual,Christian,Mitchell,1953-12-04,M,Germany,Hamburg,Home,4,No,Website,3,1358111.0699999998,452703.68999999994,70,1,1,Higher-Value Property Buyers
C1434,Company,Terova,Co,1985-06-25,F,USA,California,Investment,5,No,Agency,4,1038640.05,259660.0125,39,2,2,Lower-Value Property Buyers
C1435,Individual,Zachary,Morales,1967-08-04,M,USA,Texas,Investment,2,No,Agency,3,903765.87,301255.29,56,2,2,Lower-Value Property Buyers
C1436,Individual,Kyle,Wright,1998-09-10,M,USA,California,Home,2,No,Website,3,969917.19,323305.73,25,2,2,Lower-Value Property Buyers
C1437,Individual,Gerald,Stewart,1997-08-04,M,USA,Arizona,Investment,5,No,Agency,4,1668948.58,417237.145,26,1,1,Higher-Value Property Buyers
C1438,Individual,Benjamin,Taylor,1988-04-08,M,USA,California,Home,2,Yes,Agency,3,1255115.0,418371.6666666667,36,1,1,Higher-Value Property Buyers
C1439,Individual,Helen,Morales,2000-10-14,F,USA,Virginia,Home,2,No,Agency,3,1040682.81,346894.27,23,2,2,Lower-Value Property Buyers
C1440,Individual,Mary,Phillips,1952-07-20,F,USA,Colorado,Investment,2,No,Agency,3,901013.4199999999,300337.80666666664,71,2,2,Lower-Value Property Buyers
C1441,Individual,Helen,Campbell,1945-08-09,F,USA,California,Investment,5,No,Website,3,1201777.78,400592.5933333333,78,1,1,Higher-Value Property Buyers
C1442,Individual,Timothy,Foster,2000-06-17,M,USA,Colorado,Home,2,Yes,Client,3,1007348.75,335782.9166666667,24,2,2,Lower-Value Property Buyers
C1443,Individual,Betty,Hughes,1979-11-22,F,USA,Florida,Home,2,No,Website,3,1045348.1100000001,348449.37000000005,44,2,2,Lower-Value Property Buyers
C1444,Individual,Frank,Alexander,1981-06-25,M,USA,Colorado,Home,3,No,Website,3,1089631.7,363210.56666666665,43,2,2,Lower-Value Property Buyers
C1445,Individual,Gregory,Hall,1988-07-26,M,USA,Florida,Home,5,No,Website,4,1249138.91,312284.7275,35,2,2,Lower-Value Property Buyers
C1446,Individual,Amber,Gray,1951-09-12,F,USA,Ohio,Home,4,No,Website,4,1550820.49,387705.1225,72,1,1,Higher-Value Property Buyers
C1447,Individual,Janet,Rogers,1972-05-14,F,USA,Nevada,Investment,4,Yes,Client,4,1372408.9,343102.225,52,1,1,Higher-Value Property Buyers
C1448,Individual,Henry,Ward,1959-03-15,M,Russia,Tatarstan,Home,1,No,Website,4,1221304.62,305326.155,65,2,2,Lower-Value Property Buyers
C1449,Individual,Nicole,Cox,1999-06-14,F,USA,California,Investment,5,No,Website,3,1110557.49,370185.83,25,1,1,Higher-Value Property Buyers
C1450,Individual,Pamela,White,1996-06-04,F,USA,Virginia,Home,5,No,Website,3,1028509.6,342836.5333333333,28,2,2,Lower-Value Property Buyers
C1451,Individual,Hannah,Turner,1983-10-19,F,USA,California,Home,1,No,Website,4,1529673.3199999998,382418.32999999996,40,1,1,Higher-Value Property Buyers
C1452,Individual,Kelly,Edwards,1993-05-08,F,Belgium,Wallonia,Home,3,No,Client,3,1320005.77,440001.92333333334,31,1,1,Higher-Value Property Buyers
C1453,Individual,Kenneth,Stone,1981-07-10,M,USA,California,Home,2,No,Agency,3,1145044.9,381681.6333333333,43,1,1,Higher-Value Property Buyers
C1454,Individual,Ann,Kim,1948-05-23,F,USA,California,Investment,1,No,Client,3,1188825.44,396275.14666666667,76,1,1,Higher-Value Property Buyers
C1455,Individual,Christina,Nelson,1989-06-15,F,USA,Colorado,Home,3,Yes,Agency,3,985992.4299999999,328664.1433333333,35,2,2,Lower-Value Property Buyers
C1456,Company,Quasar,Co,1992-06-26,F,USA,Oregon,Investment,1,Yes,Website,4,1598853.55,399713.3875,32,1,1,Higher-Value Property Buyers
C1457,Individual,Julie,Foster,1949-01-27,F,USA,California,Home,3,Yes,Agency,4,1537205.06,384301.265,75,1,1,Higher-Value Property Buyers
C1458,Individual,Keith,Reed,1950-09-16,M,USA,Arizona,Home,1,No,Website,3,917921.54,305973.8466666667,73,2,2,Lower-Value Property Buyers
C1459,Individual,Terry,Hall,1949-09-28,M,USA,Arizona,Home,5,No,Website,4,1556253.48,389063.37,74,1,1,Higher-Value Property Buyers
C1460,Individual,Pamela,Long,1972-05-12,F,UK,England,Home,1,Yes,Agency,4,1569390.69,392347.6725,52,1,1,Higher-Value Property Buyers
C1461,Individual,Gloria,Reyes,1944-01-13,F,USA,California,Home,5,No,Website,4,1507966.87,376991.7175,80,1,1,Higher-Value Property Buyers
C1462,Individual,Virginia,Allen,1984-04-19,F,Germany,Hamburg,Investment,3,No,Agency,4,1220331.12,305082.78,40,2,2,Lower-Value Property Buyers
C1463,Individual,Lawrence,Ward,1943-12-28,M,USA,California,Home,2,Yes,Website,4,1639044.0,409761.0,80,1,1,Higher-Value Property Buyers
C1464,Individual,Terry,Weaver,1940-01-25,M,USA,Arizona,Home,1,No,Website,3,1094818.68,364939.56,84,2,2,Lower-Value Property Buyers
C1465,Individual,Edward,Stewart,1990-09-07,M,USA,Ohio,Home,3,Yes,Website,3,1312191.47,437397.1566666667,34,1,1,Higher-Value Property Buyers
C1466,Individual,Ashley,Howard,1999-08-28,F,Belgium,Flanders,Investment,2,No,Website,4,1387827.15,346956.7875,24,1,1,Higher-Value Property Buyers
C1467,Individual,Rebecca,Adams,1951-07-19,F,USA,California,Home,5,No,Client,3,761353.26,253784.42,72,2,2,Lower-Value Property Buyers
C1468,Individual,Jason,Martin,1940-08-24,M,Canada,Manitoba,Home,3,No,Website,3,1072452.07,357484.0233333334,83,2,2,Lower-Value Property Buyers
C1469,Individual,Keith,Richardson,1970-05-17,M,USA,Colorado,Home,1,No,Website,3,1512121.6400000001,504040.5466666667,54,1,1,Higher-Value Property Buyers
C1470,Individual,Alexander,Richardson,1940-05-27,M,USA,Colorado,Investment,3,Yes,Agency,3,1440682.21,480227.4033333333,84,1,1,Higher-Value Property Buyers
C1471,Individual,Judith,Williams,1940-05-24,F,UK,Northern Ireland,Home,1,Yes,Website,4,1048588.76,262147.19,84,2,2,Lower-Value Property Buyers
C1472,Individual,Paul,Flores,1991-03-23,M,USA,Washington,Home,1,No,Website,4,1610320.87,402580.2175,33,1,1,Higher-Value Property Buyers
C1473,Individual,Maria,Freeman,1974-03-14,F,USA,California,Home,2,No,Agency,4,1415300.74,353825.185,50,1,1,Higher-Value Property Buyers
C1474,Individual,Kevin,Brown,1969-10-04,M,USA,Oregon,Home,3,No,Website,4,1563434.47,390858.6175,54,1,1,Higher-Value Property Buyers
C1475,Individual,Raymond,Brown,1944-02-08,M,Mexico,Jalisco,Home,4,Yes,Agency,4,1579186.25,394796.5625,80,1,1,Higher-Value Property Buyers
C1476,Individual,Kevin,Jackson,2000-08-06,M,USA,Nevada,Home,1,No,Agency,4,1505369.42,376342.355,23,1,1,Higher-Value Property Buyers
C1477,Company,Zynex,Co,1968-10-04,F,USA,California,Investment,1,No,Agency,4,1051466.92,262866.73,55,2,2,Lower-Value Property Buyers
C1478,Individual,Emily,Reed,1958-12-09,F,Canada,British Columbia,Investment,1,No,Agency,3,965772.74,321924.24666666664,65,2,2,Lower-Value Property Buyers
C1479,Individual,Paul,Carter,1968-03-26,M,USA,California,Investment,1,No,Website,4,1275455.51,318863.8775,56,2,2,Lower-Value Property Buyers
C1480,Individual,Danielle,White,1985-09-04,F,USA,Virginia,Investment,3,No,Client,4,1466467.79,366616.9475,38,1,1,Higher-Value Property Buyers
C1481,Company,Caldera,Co,1984-04-12,F,USA,Arizona,Investment,3,No,Website,4,1059700.8800000001,264925.22000000003,40,2,2,Lower-Value Property Buyers
C1482,Individual,Kimberly,Murray,1953-01-24,F,USA,Oregon,Home,2,Yes,Website,4,1665015.1700000002,416253.79250000004,71,1,1,Higher-Value Property Buyers
C1483,Individual,Gary,Hall,1975-01-06,M,USA,Colorado,Home,3,Yes,Agency,4,1831769.62,457942.405,49,1,1,Higher-Value Property Buyers
C1484,Individual,Christina,Nelson,1971-09-10,F,USA,Colorado,Home,3,No,Client,4,1117191.81,279297.9525,52,2,2,Lower-Value Property Buyers
C1485,Individual,Rachel,Scott,1984-06-26,F,USA,Washington,Investment,4,No,Website,4,1604885.52,401221.38,40,1,1,Higher-Value Property Buyers
C1486,Individual,Madison,Campbell,1996-06-14,F,UK,Wales,Home,5,Yes,Website,3,1019385.69,339795.23,28,2,2,Lower-Value Property Buyers
C1487,Individual,Sandra,Martin,1965-10-12,F,USA,New York,Home,3,No,Agency,4,1553533.51,388383.3775,58,1,1,Higher-Value Property Buyers
C1488,Individual,Keith,Scott,1975-07-09,M,USA,Florida,Investment,2,No,Website,3,1029238.79,343079.5966666667,48,2,2,Lower-Value Property Buyers
C1489,Individual,Gloria,Montgomery,1951-03-19,F,USA,Arizona,Home,5,No,Agency,3,1056549.47,352183.1566666667,73,2,2,Lower-Value Property Buyers
C1490,Individual,Dennis,Hall,1994-06-11,M,UK,Wales,Investment,5,Yes,Client,3,861119.76,287039.92,30,2,2,Lower-Value Property Buyers
C1491,Individual,Rebecca,Evans,1997-10-07,F,USA,Georgia,Home,4,No,Agency,4,1056750.03,264187.5075,26,2,2,Lower-Value Property Buyers
C1492,Individual,Mary,Taylor,1984-12-18,F,Germany,Bavaria,Home,2,No,Agency,3,1309655.49,436551.83,39,1,1,Higher-Value Property Buyers
C1493,Individual,Thomas,Bennett,1992-03-16,M,USA,Washington,Home,4,Yes,Agency,3,864605.61,288201.87,32,2,2,Lower-Value Property Buyers
C1494,Individual,Nicholas,Cooper,1996-09-04,M,USA,New York,Home,1,No,Client,3,913338.07,304446.0233333333,27,2,2,Lower-Value Property Buyers
C1495,Individual,Jason,Hughes,1991-09-11,M,Denmark,Capital Region,Home,1,No,Website,4,2059292.68,514823.17,32,1,1,Higher-Value Property Buyers
C1496,Individual,Bryan,Patterson,1986-11-15,M,USA,Florida,Home,5,No,Agency,3,1119013.6099999999,373004.5366666666,37,1,1,Higher-Value Property Buyers
C1497,Individual,Samuel,Parker,1940-01-13,M,USA,California,Investment,4,No,Agency,3,794765.34,264921.77999999997,84,2,2,Lower-Value Property Buyers
C1498,Individual,Nicole,Carter,1967-03-02,F,Mexico,Puebla,Investment,5,No,Website,4,1142631.83,285657.9575,57,2,2,Lower-Value Property Buyers
C1499,Individual,Lauren,Gray,1997-04-11,F,Russia,Saint Petersburg,Home,3,Yes,Agency,3,1321905.54,440635.18,27,1,1,Higher-Value Property Buyers
C1500,Individual,Shirley,Ward,1995-04-01,F,Australia,Victoria,Home,2,No,Agency,4,1020299.92,255074.98,29,2,2,Lower-Value Property Buyers
C1501,Individual,Brenda,White,1951-12-16,F,USA,Oregon,Investment,4,No,Agency,3,761279.08,253759.69333333333,72,2,2,Lower-Value Property Buyers
C1502,Individual,Elizabeth,Weaver,1994-10-27,F,UK,Wales,Home,5,Yes,Website,4,1045772.34,261443.085,29,2,2,Lower-Value Property Buyers
C1503,Company,Triton,Co,1986-08-21,M,USA,Arizona,Investment,5,No,Website,4,1299971.48,324992.87,37,1,1,Higher-Value Property Buyers
C1504,Individual,Patrick,Hughes,1946-08-19,M,USA,California,Home,4,No,Website,3,871805.96,290601.98666666663,77,2,2,Lower-Value Property Buyers
C1505,Individual,William,Cook,1994-05-14,M,USA,Virginia,Home,3,No,Agency,4,1012922.06,253230.515,31,2,2,Lower-Value Property Buyers
C1506,Individual,Larry,Price,1950-11-01,M,USA,Utah,Investment,3,No,Website,3,1010109.4,336703.13333333336,73,2,2,Lower-Value Property Buyers
C1507,Individual,Joyce,Cooper,1951-03-28,F,USA,Florida,Home,3,No,Agency,4,1499666.44,374916.61,73,1,1,Higher-Value Property Buyers
C1508,Individual,Benjamin,Morris,1994-03-12,M,UK,Scotland,Home,3,No,Agency,4,965283.79,241320.9475,30,2,2,Lower-Value Property Buyers
C1509,Individual,Rebecca,Campbell,1946-12-16,F,USA,California,Home,3,No,Website,4,1821912.8699999999,455478.21749999997,77,1,1,Higher-Value Property Buyers
C1510,Company,Altira,Co,1962-01-12,M,USA,California,Home,5,No,Agency,3,804243.22,268081.0733333333,62,2,2,Lower-Value Property Buyers
C1511,Individual,Ann,Hansen,1989-07-20,F,France,Provence,Home,2,Yes,Website,3,1093080.8599999999,364360.2866666666,34,2,2,Lower-Value Property Buyers
C1512,Individual,Anna,Young,1955-06-18,F,USA,Nevada,Home,4,Yes,Client,4,1209056.95,302264.2375,69,2,2,Lower-Value Property Buyers
C1513,Individual,Danielle,Morales,1995-08-06,F,USA,Florida,Home,2,No,Website,3,1452266.37,484088.79000000004,29,1,1,Higher-Value Property Buyers
C1514,Individual,Linda,Bryant,1986-08-12,F,USA,New York,Home,4,No,Website,3,1211908.53,403969.51,37,1,1,Higher-Value Property Buyers
C1515,Individual,Angela,Williams,1946-10-16,F,USA,Nevada,Investment,5,No,Website,4,1433703.52,358425.88,77,1,1,Higher-Value Property Buyers
C1516,Individual,Grace,Wood,1953-05-23,F,USA,Texas,Home,4,No,Website,3,690456.91,230152.30333333334,71,2,2,Lower-Value Property Buyers
C1517,Individual,Benjamin,Chavez,1978-02-23,M,USA,California,Investment,2,No,Agency,4,1328693.42,332173.355,46,2,2,Lower-Value Property Buyers
C1518,Individual,Teresa,Rogers,1994-08-10,F,Australia,Victoria,Home,5,Yes,Agency,4,961942.8799999999,240485.71999999997,29,2,2,Lower-Value Property Buyers
C1519,Individual,Kyle,Freeman,1972-08-19,M,USA,California,Home,1,No,Agency,4,1366990.1300000001,341747.53250000003,51,1,1,Higher-Value Property Buyers
C1520,Individual,Patrick,Griffin,1945-05-12,M,USA,Utah,Home,1,No,Website,4,1425469.02,356367.255,79,1,1,Higher-Value Property Buyers
C1521,Individual,Bryan,Foster,1973-12-25,M,USA,Nevada,Home,4,No,Agency,3,913579.4099999999,304526.47,50,2,2,Lower-Value Property Buyers
C1522,Individual,Debra,Mitchell,1964-09-14,F,USA,Washington,Home,5,No,Website,4,1598304.98,399576.245,59,1,1,Higher-Value Property Buyers
C1523,Company,Horizon,Co,1981-07-22,M,Australia,Victoria,Investment,3,No,Website,4,1652083.92,413020.98,43,1,1,Higher-Value Property Buyers
C1524,Individual,Jordan,Wilson,1967-07-24,M,USA,Virginia,Home,2,No,Client,4,1434208.3,358552.075,56,1,1,Higher-Value Property Buyers
C1525,Individual,Timothy,Brown,1959-08-24,M,USA,California,Home,1,No,Agency,3,1336757.18,445585.7266666666,65,1,1,Higher-Value Property Buyers
C1526,Individual,Victoria,Howard,1956-05-08,F,USA,California,Home,3,No,Website,3,1429330.15,476443.3833333333,68,1,1,Higher-Value Property Buyers
C1527,Individual,Martha,Thomas,1989-05-13,F,USA,California,Home,1,No,Agency,3,993447.0599999999,331149.01999999996,35,2,2,Lower-Value Property Buyers
C1528,Individual,Jennifer,Weaver,1997-02-09,F,Germany,Hamburg,Home,1,Yes,Website,3,1058452.68,352817.56,27,2,2,Lower-Value Property Buyers
C1529,Company,Helios,Co,1989-04-19,M,USA,California,Home,4,No,Website,4,1614522.9000000001,403630.72500000003,35,1,1,Higher-Value Property Buyers
C1530,Individual,Sarah,Wright,1988-11-20,F,USA,California,Home,2,No,Website,3,1011087.75,337029.25,35,2,2,Lower-Value Property Buyers
C1531,Individual,Bryan,Cox,1964-03-15,M,France,Brittany,Investment,2,No,Website,4,1272471.05,318117.7625,60,2,2,Lower-Value Property Buyers
C1532,Individual,Linda,Freeman,1998-09-26,F,USA,Texas,Home,3,Yes,Website,4,1446462.79,361615.6975,25,1,1,Higher-Value Property Buyers
C1533,Individual,Anthony,Bryant,1988-05-10,M,Canada,British Columbia,Home,4,No,Agency,4,1019127.09,254781.7725,36,2,2,Lower-Value Property Buyers
C1534,Individual,Sandra,Pierce,1996-08-06,F,USA,California,Home,4,Yes,Website,3,1195359.88,398453.2933333333,27,1,1,Higher-Value Property Buyers
C1535,Individual,Jeremy,Stone,1994-03-09,M,UK,England,Investment,3,No,Agency,4,1967005.46,491751.365,30,1,1,Higher-Value Property Buyers
C1536,Individual,Sara,Baker,1982-05-06,F,USA,Washington,Home,3,No,Website,3,1076884.84,358961.61333333334,42,2,2,Lower-Value Property Buyers
C1537,Individual,Lisa,Foster,1999-04-08,F,USA,Arizona,Home,5,No,Website,3,1637300.4100000001,545766.8033333333,25,1,1,Higher-Value Property Buyers
C1538,Individual,Jessica,Kim,1947-07-01,F,USA,California,Investment,5,No,Website,3,775544.78,258514.92666666667,77,2,2,Lower-Value Property Buyers
C1539,Individual,Terry,Brown,1997-05-13,M,USA,Nevada,Home,1,No,Agency,3,811448.36,270482.7866666667,27,2,2,Lower-Value Property Buyers
C1540,Individual,Roger,Cox,1957-02-12,M,USA,California,Home,2,Yes,Client,3,842510.7,280836.89999999997,67,2,2,Lower-Value Property Buyers
C1541,Individual,Carl,Adams,1964-11-20,M,USA,California,Home,2,No,Website,4,1173616.46,293404.115,59,2,2,Lower-Value Property Buyers
C1542,Individual,Gary,Cook,1989-07-27,M,USA,Nevada,Home,1,Yes,Website,3,1261648.92,420549.63999999996,34,1,1,Higher-Value Property Buyers
C1543,Individual,Virginia,Peterson,1955-10-11,F,USA,New York,Investment,3,No,Agency,3,1199490.31,399830.10333333333,68,1,1,Higher-Value Property Buyers
C1544,Individual,Heather,Evans,1947-04-27,F,Russia,Tatarstan,Home,3,No,Website,3,1551623.3,517207.76666666666,77,1,1,Higher-Value Property Buyers
C1545,Individual,Elizabeth,Price,1992-11-23,F,USA,California,Investment,1,Yes,Website,3,1101811.15,367270.3833333333,31,2,2,Lower-Value Property Buyers
C1546,Individual,Sarah,Scott,1966-06-06,F,Mexico,Puebla,Home,4,Yes,Agency,4,1161022.51,290255.6275,58,2,2,Lower-Value Property Buyers
C1547,Individual,Margaret,Martin,1975-03-04,F,USA,Florida,Home,2,Yes,Agency,4,1199337.46,299834.365,49,2,2,Lower-Value Property Buyers
C1548,Company,Telnox,Co,1967-12-26,M,USA,California,Home,2,Yes,Website,3,615223.03,205074.34333333335,56,2,2,Lower-Value Property Buyers
C1549,Individual,Gary,Reyes,1961-06-15,M,Mexico,Nuevo Leon,Home,4,No,Client,3,837044.35,279014.7833333333,63,2,2,Lower-Value Property Buyers
C1550,Individual,Jason,Rogers,1998-01-10,M,USA,California,Home,2,No,Agency,4,1368767.79,342191.9475,26,1,1,Higher-Value Property Buyers
C1551,Individual,Aaron,Howard,1991-05-17,M,USA,California,Home,2,No,Agency,3,1252240.69,417413.5633333333,33,1,1,Higher-Value Property Buyers
C1552,Individual,Peter,Wilson,1947-04-20,M,USA,California,Investment,2,Yes,Agency,4,1356450.7000000002,339112.67500000005,77,2,2,Lower-Value Property Buyers
C1553,Company,Horizon,Co,1990-03-27,M,USA,Utah,Home,4,No,Agency,3,979536.36,326512.12,34,2,2,Lower-Value Property Buyers
C1554,Individual,Gregory,Cox,1998-04-03,M,Germany,Bavaria,Home,1,No,Website,3,742034.24,247344.74666666667,26,2,2,Lower-Value Property Buyers
C1555,Individual,Julia,Martin,1946-04-25,F,UK,England,Home,5,No,Website,4,1233852.38,308463.095,78,2,2,Lower-Value Property Buyers
C1556,Individual,Grace,Wood,1982-11-20,F,USA,Colorado,Investment,2,No,Agency,4,1215734.71,303933.6775,41,2,2,Lower-Value Property Buyers
C1557,Individual,Joan,Griffin,1942-03-15,F,USA,New York,Home,2,Yes,Website,3,955054.1799999999,318351.3933333333,82,2,2,Lower-Value Property Buyers
C1558,Individual,Tyler,Phillips,1944-12-03,M,Mexico,Baja California,Home,4,No,Website,3,1482069.56,494023.1866666667,79,1,1,Higher-Value Property Buyers
C1559,Individual,Sara,Mitchell,1975-03-27,F,UK,England,Home,2,No,Website,3,1345808.87,448602.9566666667,49,1,1,Higher-Value Property Buyers
C1560,Individual,Christina,Hughes,1940-07-15,F,USA,California,Home,4,Yes,Client,3,1052677.5699999998,350892.52333333326,83,2,2,Lower-Value Property Buyers
C1561,Individual,Jeffrey,Green,1964-04-28,M,Mexico,Nuevo Leon,Investment,5,No,Agency,3,1135294.51,378431.50333333336,60,1,1,Higher-Value Property Buyers
C1562,Individual,Maria,Morris,1987-05-07,F,USA,California,Home,4,No,Client,3,1179775.32,393258.44,37,1,1,Higher-Value Property Buyers
C1563,Individual,Susan,Baker,1987-06-18,F,USA,Utah,Home,5,No,Website,3,979729.05,326576.35000000003,38,2,2,Lower-Value Property Buyers
C1564,Individual,Jason,Wood,1964-06-11,M,USA,Washington,Investment,5,No,Website,3,1595925.43,531975.1433333333,60,1,1,Higher-Value Property Buyers
C1565,Individual,Kenneth,Bennett,1980-08-08,M,Mexico,Jalisco,Home,4,No,Agency,4,1140899.22,285224.805,43,2,2,Lower-Value Property Buyers
C1566,Individual,Anthony,Wilson,1995-01-01,M,USA,California,Home,3,No,Website,4,1450240.65,362560.1625,29,1,1,Higher-Value Property Buyers
C1567,Individual,Frank,Wilson,1977-11-10,M,USA,Georgia,Home,4,No,Client,4,1594452.6199999999,398613.15499999997,46,1,1,Higher-Value Property Buyers
C1568,Individual,Betty,Owens,1990-06-03,F,USA,California,Home,5,No,Website,3,1373808.0899999999,457936.02999999997,34,1,1,Higher-Value Property Buyers
C1569,Individual,Pamela,Turner,1993-05-11,F,USA,California,Investment,1,Yes,Website,3,1175242.5499999998,391747.5166666666,31,1,1,Higher-Value Property Buyers
C1570,Individual,Amanda,Williams,1963-12-27,F,USA,Ohio,Home,5,No,Website,4,1469638.4,367409.6,60,1,1,Higher-Value Property Buyers
C1571,Individual,Ethan,Morales,1978-03-06,M,USA,California,Home,2,No,Website,4,1243439.96,310859.99,46,2,2,Lower-Value Property Buyers
C1572,Individual,Donald,Baker,1960-10-06,M,Australia,Queensland,Home,3,No,Agency,4,886149.52,221537.38,63,2,2,Lower-Value Property Buyers
C1573,Individual,Amanda,Richardson,1946-07-05,F,USA,California,Home,1,No,Website,4,1175839.94,293959.985,78,2,2,Lower-Value Property Buyers
C1574,Individual,Gary,Morris,1984-08-14,M,USA,California,Home,4,No,Website,3,1195224.9,398408.3,39,1,1,Higher-Value Property Buyers
C1575,Individual,Paul,Freeman,2000-12-19,M,USA,California,Home,2,No,Website,4,1395067.1600000001,348766.79000000004,23,1,1,Higher-Value Property Buyers
C1576,Individual,Heather,Cook,1977-09-28,F,USA,Nevada,Investment,3,Yes,Website,4,1359536.24,339884.06,46,1,1,Higher-Value Property Buyers
C1577,Individual,Ethan,Edwards,1983-02-15,M,Germany,Bavaria,Home,3,No,Website,3,1427933.58,475977.86000000004,41,1,1,Higher-Value Property Buyers
C1578,Individual,Mark,Turner,1996-12-03,M,USA,California,Investment,2,No,Website,3,765431.01,255143.67,27,2,2,Lower-Value Property Buyers
C1579,Individual,Robert,Bell,1945-03-10,M,USA,Arizona,Investment,4,No,Website,4,1101753.5899999999,275438.39749999996,79,2,2,Lower-Value Property Buyers
C1580,Individual,Jordan,Martin,1997-05-12,M,USA,Georgia,Investment,1,Yes,Website,4,1008834.66,252208.665,27,2,2,Lower-Value Property Buyers
C1581,Individual,James,Reyes,1950-08-11,M,USA,California,Investment,1,No,Website,3,1123364.22,374454.74,74,2,2,Lower-Value Property Buyers
C1582,Individual,Harold,Baker,1955-08-20,M,France,Ile-de-France,Home,4,Yes,Client,3,1030269.01,343423.00333333336,68,2,2,Lower-Value Property Buyers
C1583,Individual,Peter,Scott,1968-03-01,M,USA,California,Home,2,No,Agency,4,1378030.61,344507.6525,56,1,1,Higher-Value Property Buyers
C1584,Company,Nexus,Co,1985-12-08,M,France,Brittany,Investment,1,Yes,Website,3,1199226.44,399742.14666666667,39,1,1,Higher-Value Property Buyers
C1585,Individual,Kevin,Watson,1960-10-10,M,Canada,Ontario,Home,5,No,Website,4,1480011.91,370002.9775,63,1,1,Higher-Value Property Buyers
C1586,Individual,Carolyn,Roberts,1967-01-21,F,Germany,Berlin,Home,3,No,Website,3,1116579.83,372193.2766666667,57,2,2,Lower-Value Property Buyers
C1587,Individual,Carl,Cooper,1943-02-12,M,Canada,Quebec,Investment,4,Yes,Agency,3,743057.13,247685.71,81,2,2,Lower-Value Property Buyers
C1588,Individual,Patricia,Thomas,1980-10-25,F,USA,Utah,Investment,5,No,Website,3,957201.31,319067.10333333333,43,2,2,Lower-Value Property Buyers
C1589,Individual,Christina,Ward,1953-12-08,F,USA,California,Investment,4,No,Agency,3,1380536.7000000002,460178.9000000001,70,1,1,Higher-Value Property Buyers
C1590,Company,Elara,Co,1979-06-19,F,USA,Oregon,Home,1,No,Website,4,1470403.6,367600.9,45,1,1,Higher-Value Property Buyers
C1591,Individual,Christine,Brooks,1971-08-15,F,USA,California,Investment,4,No,Website,4,1676312.98,419078.245,52,1,1,Higher-Value Property Buyers
C1592,Individual,Heather,Allen,1975-01-06,F,USA,Texas,Investment,2,Yes,Agency,4,878452.1900000001,219613.04750000002,49,2,2,Lower-Value Property Buyers
C1593,Individual,Anthony,Williams,1975-05-08,M,USA,California,Home,1,No,Website,4,825960.49,206490.1225,49,2,2,Lower-Value Property Buyers
C1594,Individual,Kathleen,Green,1969-10-24,F,USA,Colorado,Home,2,No,Agency,4,1522994.53,380748.6325,54,1,1,Higher-Value Property Buyers
C1595,Individual,Charles,Reed,1955-08-20,M,USA,California,Home,5,No,Website,4,1310147.8599999999,327536.96499999997,68,1,1,Higher-Value Property Buyers
C1596,Individual,Frank,Hall,1979-10-11,M,Germany,Berlin,Investment,4,No,Website,3,1642954.44,547651.48,44,1,1,Higher-Value Property Buyers
C1597,Individual,Rachel,Cox,1949-12-28,F,USA,Nevada,Investment,4,Yes,Website,4,1155778.2,288944.55,74,2,2,Lower-Value Property Buyers
C1598,Individual,Angela,Adams,1940-06-23,F,USA,Georgia,Home,4,Yes,Agency,3,1163931.67,387977.2233333333,84,1,1,Higher-Value Property Buyers
C1599,Individual,Stephanie,Thompson,1980-11-19,F,USA,Virginia,Investment,5,Yes,Website,3,1321031.17,440343.7233333333,43,1,1,Higher-Value Property Buyers
C1600,Individual,Jennifer,Rogers,1968-02-13,F,Belgium,Wallonia,Home,5,No,Website,4,1237164.36,309291.09,56,2,2,Lower-Value Property Buyers
C1601,Individual,Tiffany,Parker,1996-08-13,F,Russia,Krasnodar Krai,Home,3,No,Website,3,829078.01,276359.33666666667,27,2,2,Lower-Value Property Buyers
C1602,Individual,Harold,Turner,1986-01-11,M,USA,Nevada,Investment,4,No,Website,4,1676863.99,419215.9975,38,1,1,Higher-Value Property Buyers
C1603,Individual,Hannah,Rogers,1962-07-09,F,UK,England,Home,5,No,Website,4,1077719.71,269429.9275,61,2,2,Lower-Value Property Buyers
C1604,Individual,Ronald,Kim,1949-10-09,M,USA,Texas,Home,4,No,Website,3,1050264.24,350088.08,74,2,2,Lower-Value Property Buyers
C1605,Individual,Joshua,Collins,1999-01-21,M,UK,England,Investment,4,Yes,Website,4,1170783.34,292695.835,25,2,2,Lower-Value Property Buyers
C1606,Individual,Zachary,Howard,1965-03-20,M,USA,Washington,Home,1,Yes,Agency,3,917562.71,305854.23666666663,60,2,2,Lower-Value Property Buyers
C1607,Individual,Emma,Hall,1963-11-03,F,USA,California,Home,3,No,Agency,3,829294.5700000001,276431.5233333334,60,2,2,Lower-Value Property Buyers
C1608,Individual,Heather,Pierce,1999-11-14,F,UK,England,Home,4,Yes,Website,3,1431381.65,477127.2166666666,25,1,1,Higher-Value Property Buyers
C1609,Individual,Justin,Reed,1964-02-10,M,USA,California,Investment,2,No,Website,3,804844.43,268281.4766666667,60,2,2,Lower-Value Property Buyers
C1610,Individual,Kenneth,White,1967-03-23,M,USA,California,Investment,3,No,Website,4,1249167.74,312291.935,57,2,2,Lower-Value Property Buyers
C1611,Individual,Sarah,Bryant,1975-02-09,F,USA,Nevada,Investment,4,No,Website,4,1072189.52,268047.38,49,2,2,Lower-Value Property Buyers
C1612,Individual,Jason,Price,1990-02-25,M,USA,California,Home,1,No,Agency,3,766554.56,255518.18666666668,34,2,2,Lower-Value Property Buyers
C1613,Individual,Ryan,Griffin,1998-08-01,M,Denmark,Southern Denmark,Home,2,Yes,Agency,4,1608368.22,402092.055,25,1,1,Higher-Value Property Buyers
C1614,Individual,Julie,Williams,1968-05-16,F,USA,Utah,Investment,4,No,Website,3,822155.05,274051.68333333335,57,2,2,Lower-Value Property Buyers
C1615,Individual,Jason,Mitchell,1963-01-08,M,USA,Utah,Home,5,No,Agency,3,857125.52,285708.50666666665,61,2,2,Lower-Value Property Buyers
C1616,Individual,Aaron,Nelson,1991-01-09,M,UK,Wales,Investment,5,Yes,Website,4,1344053.71,336013.4275,33,1,1,Higher-Value Property Buyers
C1617,Individual,Michelle,Baker,1952-09-10,F,USA,California,Home,3,No,Website,3,776005.5,258668.5,71,2,2,Lower-Value Property Buyers
C1618,Individual,Linda,Price,1962-11-22,F,USA,Washington,Home,2,Yes,Website,4,1356655.6800000002,339163.92000000004,61,1,1,Higher-Value Property Buyers
C1619,Individual,Jason,Baker,1952-10-24,M,Belgium,Wallonia,Home,2,No,Website,4,1390206.46,347551.615,71,1,1,Higher-Value Property Buyers
C1620,Individual,Jacob,Morales,1944-07-05,M,USA,California,Home,1,Yes,Website,3,788250.3500000001,262750.1166666667,79,2,2,Lower-Value Property Buyers
C1621,Individual,Carl,Wood,1954-06-15,M,USA,Oregon,Investment,2,No,Agency,3,739739.97,246579.99,70,2,2,Lower-Value Property Buyers
C1622,Individual,Angela,Taylor,1961-01-02,F,USA,Oregon,Home,1,Yes,Website,3,1054193.3599999999,351397.7866666666,63,2,2,Lower-Value Property Buyers
C1623,Individual,Julia,Hall,1994-12-01,F,USA,Oregon,Home,4,No,Website,3,1060233.46,353411.1533333333,29,2,2,Lower-Value Property Buyers
C1624,Individual,Jennifer,Stewart,1951-04-01,F,USA,California,Home,4,Yes,Website,4,1943363.94,485840.985,73,1,1,Higher-Value Property Buyers
C1625,Individual,Harold,Wright,2000-03-02,M,Australia,Western Australia,Home,4,No,Agency,3,910587.85,303529.2833333333,24,2,2,Lower-Value Property Buyers
C1626,Individual,Jennifer,Morales,1970-02-24,F,France,Provence,Home,2,Yes,Website,3,1225657.22,408552.4066666667,54,1,1,Higher-Value Property Buyers
C1627,Individual,David,Bryant,1973-08-14,M,USA,California,Investment,1,No,Website,3,1275226.77,425075.59,50,1,1,Higher-Value Property Buyers
C1628,Company,Lumina,Co,1993-10-13,F,France,Normandy,Home,4,Yes,Website,3,800299.08,266766.36,30,2,2,Lower-Value Property Buyers
C1629,Individual,Stephanie,Roberts,1956-08-26,F,USA,Utah,Home,5,No,Agency,3,789150.05,263050.01666666666,67,2,2,Lower-Value Property Buyers
C1630,Company,Grandis,Co,1994-06-05,F,USA,Virginia,Investment,1,Yes,Website,3,1206881.92,402293.9733333333,30,1,1,Higher-Value Property Buyers
C1631,Individual,Joan,Patterson,1966-12-03,F,UK,Northern Ireland,Home,5,No,Website,4,1683720.2,420930.05,57,1,1,Higher-Value Property Buyers
C1632,Individual,Victoria,Wright,1963-12-07,F,USA,California,Investment,3,Yes,Agency,4,1425130.6800000002,356282.67000000004,60,1,1,Higher-Value Property Buyers
C1633,Individual,Sara,Bennett,1977-03-07,F,Canada,Ontario,Home,2,No,Website,3,847190.3300000001,282396.7766666667,47,2,2,Lower-Value Property Buyers
C1634,Individual,Sara,King,1944-11-01,F,USA,Georgia,Investment,2,No,Website,4,1044217.01,261054.2525,79,2,2,Lower-Value Property Buyers
C1635,Individual,Lawrence,Moore,1948-04-27,M,France,Brittany,Home,1,No,Website,4,1104480.44,276120.11,76,2,2,Lower-Value Property Buyers
C1636,Company,Zynex,Co,1987-10-01,F,USA,Arizona,Home,5,Yes,Website,3,1171439.72,390479.9066666667,36,1,1,Higher-Value Property Buyers
C1637,Individual,Jacob,Cook,1969-11-02,M,Mexico,Nuevo Leon,Home,5,No,Agency,3,1333020.46,444340.1533333333,54,1,1,Higher-Value Property Buyers
C1638,Individual,Cynthia,Peterson,1978-12-14,F,France,Occitanie,Investment,1,Yes,Agency,3,1047895.71,349298.57,45,2,2,Lower-Value Property Buyers
C1639,Individual,Ronald,Smith,1943-09-26,M,USA,Colorado,Home,1,No,Website,4,1088561.44,272140.36,80,2,2,Lower-Value Property Buyers
C1640,Individual,Helen,Adams,1966-04-11,F,USA,California,Home,1,Yes,Website,4,1172146.65,293036.6625,58,2,2,Lower-Value Property Buyers
C1641,Individual,Charles,Phillips,1972-02-14,M,USA,Utah,Home,1,No,Agency,4,1898878.08,474719.52,52,1,1,Higher-Value Property Buyers
C1642,Individual,Maria,Adams,1981-07-20,F,Canada,British Columbia,Home,5,No,Website,4,1441785.62,360446.405,42,1,1,Higher-Value Property Buyers
C1643,Individual,Carl,Rogers,1978-09-01,M,France,Ile-de-France,Home,4,No,Agency,3,1182889.92,394296.63999999996,45,1,1,Higher-Value Property Buyers
C1644,Individual,Megan,Freeman,1944-06-22,F,USA,California,Home,1,No,Client,4,1312822.17,328205.5425,80,2,2,Lower-Value Property Buyers
C1645,Individual,Shirley,Chavez,1995-08-02,F,Australia,New South Wales,Investment,1,No,Website,4,1503973.21,375993.3025,28,1,1,Higher-Value Property Buyers
C1646,Individual,Billy,Patterson,1998-10-06,M,USA,Washington,Investment,4,Yes,Agency,3,972186.46,324062.1533333333,25,2,2,Lower-Value Property Buyers
C1647,Individual,Paul,Stone,1945-11-25,M,USA,Ohio,Home,4,Yes,Agency,3,1316368.95,438789.64999999997,78,1,1,Higher-Value Property Buyers
C1648,Individual,Julia,Wood,1949-09-21,F,Australia,New South Wales,Home,3,No,Website,3,1282946.7,427648.89999999997,74,1,1,Higher-Value Property Buyers
C1649,Individual,Melissa,Price,1982-02-03,F,USA,Oregon,Home,4,Yes,Agency,4,1540887.81,385221.9525,42,1,1,Higher-Value Property Buyers
C1650,Individual,Edward,Griffin,1969-01-04,M,USA,Washington,Investment,2,No,Website,3,1065238.5,355079.5,55,2,2,Lower-Value Property Buyers
C1651,Individual,Ryan,Bell,1945-11-19,M,USA,California,Investment,4,No,Website,3,962066.4199999999,320688.80666666664,78,2,2,Lower-Value Property Buyers
C1652,Individual,Paul,Weaver,1964-01-15,M,USA,Nevada,Investment,4,Yes,Client,3,1078933.8,359644.60000000003,60,2,2,Lower-Value Property Buyers
C1653,Individual,Sara,White,1974-02-08,F,USA,Colorado,Investment,4,Yes,Website,4,957106.48,239276.62,50,2,2,Lower-Value Property Buyers
C1654,Individual,Judith,Brooks,1968-05-04,F,USA,California,Home,1,No,Website,4,1250065.3800000001,312516.34500000003,56,2,2,Lower-Value Property Buyers
C1655,Individual,Sara,Cox,1965-05-16,F,USA,Texas,Investment,2,No,Website,3,974749.8,324916.60000000003,59,2,2,Lower-Value Property Buyers
C1656,Individual,Jacob,Baker,1991-05-05,M,Belgium,Wallonia,Investment,4,Yes,Website,4,1401657.84,350414.46,33,1,1,Higher-Value Property Buyers
C1657,Individual,Donald,Kim,1958-05-19,M,USA,California,Home,2,No,Website,4,1316624.69,329156.1725,66,2,2,Lower-Value Property Buyers
C1658,Individual,Ronald,Patterson,1970-07-08,M,USA,California,Home,5,No,Agency,4,1243178.6,310794.65,53,2,2,Lower-Value Property Buyers
C1659,Individual,Joshua,Thompson,1946-05-09,M,Denmark,Zealand,Home,4,No,Website,4,1576416.87,394104.2175,78,1,1,Higher-Value Property Buyers
C1660,Individual,Henry,Richardson,1940-04-27,M,USA,Nevada,Home,4,Yes,Website,4,1330046.48,332511.62,84,2,2,Lower-Value Property Buyers
C1661,Individual,Ronald,Cox,1975-08-20,M,USA,Washington,Home,4,No,Agency,3,1511063.27,503687.75666666665,48,1,1,Higher-Value Property Buyers
C1662,Individual,Gary,Montgomery,1967-05-16,M,Russia,Tatarstan,Home,4,No,Website,4,1505862.74,376465.685,57,1,1,Higher-Value Property Buyers
C1663,Individual,Joshua,Garcia,1977-05-13,M,USA,Colorado,Investment,3,No,Agency,3,926064.21,308688.07,47,2,2,Lower-Value Property Buyers
C1664,Individual,Judith,Hayes,1969-07-25,F,France,Occitanie,Investment,5,No,Agency,3,1390001.73,463333.91,54,1,1,Higher-Value Property Buyers
C1665,Individual,Harold,Bell,1995-12-16,M,USA,Arizona,Home,5,No,Website,4,966971.19,241742.7975,28,2,2,Lower-Value Property Buyers
C1666,Individual,Brenda,Edwards,1962-08-09,F,USA,Ohio,Home,2,No,Website,3,706503.5900000001,235501.19666666668,61,2,2,Lower-Value Property Buyers
C1667,Individual,Stephanie,Cook,1967-11-14,F,USA,California,Investment,4,No,Agency,3,831811.52,277270.50666666665,56,2,2,Lower-Value Property Buyers
C1668,Individual,Scott,Green,1957-12-11,M,Australia,Victoria,Home,5,No,Website,4,1046863.21,261715.8025,66,2,2,Lower-Value Property Buyers
C1669,Individual,Steven,Collins,1960-07-04,M,Canada,Alberta,Investment,3,Yes,Agency,4,948271.3400000001,237067.83500000002,63,2,2,Lower-Value Property Buyers
C1670,Individual,Angela,Watson,1970-09-12,F,USA,Colorado,Home,3,Yes,Website,4,1356021.03,339005.2575,53,1,1,Higher-Value Property Buyers
C1671,Individual,Ashley,Howard,1948-09-13,F,USA,California,Home,3,No,Agency,4,1329236.75,332309.1875,75,2,2,Lower-Value Property Buyers
C1672,Individual,Jacqueline,Morales,1974-09-04,F,USA,Nevada,Investment,4,No,Website,3,728363.1699999999,242787.7233333333,49,2,2,Lower-Value Property Buyers
C1673,Individual,Katherine,Martin,1992-04-03,F,USA,Washington,Home,1,Yes,Website,4,1803634.76,450908.69,32,1,1,Higher-Value Property Buyers
C1674,Individual,Emily,Jackson,1941-12-22,F,USA,California,Home,5,Yes,Website,4,1614623.53,403655.8825,82,1,1,Higher-Value Property Buyers
C1675,Individual,Emma,Reyes,1985-08-04,F,Canada,Alberta,Investment,5,No,Website,3,918037.6799999999,306012.56,38,2,2,Lower-Value Property Buyers
C1676,Individual,Amy,Allen,1999-09-19,F,USA,Washington,Home,2,No,Website,4,1251637.0,312909.25,24,2,2,Lower-Value Property Buyers
C1677,Individual,Kevin,Thomas,1964-12-20,M,USA,Texas,Home,1,Yes,Website,3,942915.1799999999,314305.06,59,2,2,Lower-Value Property Buyers
C1678,Individual,Gary,Sanders,1961-06-03,M,USA,California,Home,1,Yes,Agency,3,1377654.29,459218.0966666667,63,1,1,Higher-Value Property Buyers
C1679,Individual,Christina,Nelson,1986-02-28,F,USA,Nevada,Investment,4,No,Website,3,1194618.9,398206.3,39,1,1,Higher-Value Property Buyers
C1680,Individual,Danielle,Howard,1999-09-25,F,USA,California,Investment,4,No,Agency,3,665078.77,221692.92333333334,24,2,2,Lower-Value Property Buyers
C1681,Individual,Carl,Alexander,1961-07-27,M,USA,Oregon,Home,3,Yes,Client,4,1408304.94,352076.235,62,1,1,Higher-Value Property Buyers
C1682,Individual,Amanda,Brooks,1987-11-04,F,USA,Nevada,Home,2,No,Website,4,1469905.41,367476.3525,36,1,1,Higher-Value Property Buyers
C1683,Individual,Amber,Patterson,1999-11-19,F,USA,Oregon,Investment,1,No,Client,4,1410114.6,352528.65,25,1,1,Higher-Value Property Buyers
C1684,Individual,Grace,Cooper,1977-01-07,F,USA,Colorado,Investment,4,No,Website,4,1109440.17,277360.0425,47,2,2,Lower-Value Property Buyers
C1685,Individual,Kathleen,Parker,1977-05-16,F,USA,California,Home,5,No,Agency,3,1109623.75,369874.5833333333,47,1,1,Higher-Value Property Buyers
C1686,Individual,David,Howard,1977-01-25,M,USA,California,Investment,2,Yes,Agency,4,1214377.82,303594.455,47,2,2,Lower-Value Property Buyers
C1687,Individual,Eric,Anderson,1967-05-15,M,USA,California,Home,4,Yes,Website,4,1026117.62,256529.405,57,2,2,Lower-Value Property Buyers
C1688,Individual,Amanda,Flores,1996-04-28,F,USA,Oregon,Home,5,No,Client,3,1314384.27,438128.09,28,1,1,Higher-Value Property Buyers
C1689,Individual,Virginia,King,1985-01-26,F,USA,Oregon,Investment,1,Yes,Client,3,896100.8,298700.26666666666,39,2,2,Lower-Value Property Buyers
C1690,Individual,Terry,Martin,1951-08-18,M,Denmark,North Denmark,Home,2,Yes,Agency,3,1662639.06,554213.02,72,1,1,Higher-Value Property Buyers
C1691,Individual,Robert,Reed,1946-03-25,M,USA,Arizona,Home,5,No,Website,4,1212731.6,303182.9,78,2,2,Lower-Value Property Buyers
C1692,Individual,Joseph,Patterson,1991-08-03,M,Canada,Ontario,Home,5,Yes,Agency,4,1165619.9100000001,291404.97750000004,32,2,2,Lower-Value Property Buyers
C1693,Individual,Donald,Turner,1990-11-20,M,Belgium,Flanders,Home,1,No,Website,4,1557035.08,389258.77,33,1,1,Higher-Value Property Buyers
C1694,Individual,Gloria,Foster,1957-07-18,F,USA,Virginia,Home,5,No,Agency,4,1457395.73,364348.9325,66,1,1,Higher-Value Property Buyers
C1695,Individual,Tiffany,Peterson,1955-12-13,F,Belgium,Flanders,Home,5,No,Website,3,975866.19,325288.73,68,2,2,Lower-Value Property Buyers
C1696,Individual,Emily,Jones,1987-02-20,F,USA,Florida,Home,1,No,Website,4,1316025.35,329006.3375,37,2,2,Lower-Value Property Buyers
C1697,Individual,Maria,Brown,1980-07-08,F,Belgium,Brussels,Home,2,No,Client,4,802813.26,200703.315,43,2,2,Lower-Value Property Buyers
C1698,Individual,Zachary,Stone,1950-05-12,M,UK,Northern Ireland,Home,4,Yes,Website,3,764529.97,254843.32333333333,74,2,2,Lower-Value Property Buyers
C1699,Individual,Peter,Phillips,1969-07-15,M,Australia,Western Australia,Home,3,Yes,Agency,4,1161971.24,290492.81,54,2,2,Lower-Value Property Buyers
C1700,Individual,Nicholas,Young,1943-04-11,M,USA,Nevada,Home,3,No,Website,4,1293648.37,323412.0925,81,2,2,Lower-Value Property Buyers
C1701,Individual,Karen,Montgomery,1982-06-27,F,USA,Arizona,Home,1,No,Website,3,916043.72,305347.9066666667,42,2,2,Lower-Value Property Buyers
C1702,Individual,Frank,Alexander,1990-04-01,M,USA,Washington,Investment,5,Yes,Website,3,1259181.49,419727.16333333333,34,1,1,Higher-Value Property Buyers
C1703,Individual,Gerald,Cox,1999-08-13,M,USA,Texas,Investment,4,No,Agency,3,868665.77,289555.25666666665,24,2,2,Lower-Value Property Buyers
C1704,Individual,Susan,Flores,1963-02-15,F,Denmark,Capital Region,Home,4,No,Agency,3,1131490.6400000001,377163.5466666667,61,1,1,Higher-Value Property Buyers
C1705,Individual,Kenneth,Howard,1979-11-23,M,USA,Virginia,Investment,3,Yes,Website,3,1031987.6799999999,343995.8933333333,44,2,2,Lower-Value Property Buyers
C1706,Individual,Matthew,Jordan,1976-05-13,M,USA,California,Home,3,Yes,Website,4,1417221.48,354305.37,48,1,1,Higher-Value Property Buyers
C1707,Individual,Adam,Allen,1973-09-19,M,USA,Georgia,Home,1,Yes,Website,3,770609.62,256869.87333333332,50,2,2,Lower-Value Property Buyers
C1708,Individual,Andrea,Wilson,1986-06-08,F,Germany,Hesse,Home,1,Yes,Agency,3,854426.52,284808.84,38,2,2,Lower-Value Property Buyers
C1709,Individual,Danielle,Cox,1946-09-08,F,USA,Arizona,Investment,3,No,Agency,3,1336416.1600000001,445472.0533333334,77,1,1,Higher-Value Property Buyers
C1710,Individual,Joe,Flores,1957-05-26,M,Canada,Alberta,Investment,2,Yes,Website,3,1027918.12,342639.37333333335,67,2,2,Lower-Value Property Buyers
C1711,Individual,Debra,Hayes,1981-08-24,F,USA,California,Investment,3,Yes,Website,4,1015613.11,253903.2775,42,2,2,Lower-Value Property Buyers
C1712,Individual,Ryan,Turner,1971-04-03,M,France,Occitanie,Home,5,No,Website,4,1280242.15,320060.5375,53,2,2,Lower-Value Property Buyers
C1713,Individual,Julia,Cook,1981-08-02,F,USA,Oregon,Home,1,No,Website,4,1401670.4500000002,350417.61250000005,42,1,1,Higher-Value Property Buyers
C1714,Individual,Nathan,Brooks,1948-05-07,M,USA,Colorado,Home,3,No,Website,4,1054289.58,263572.395,76,2,2,Lower-Value Property Buyers
C1715,Individual,Hannah,Watson,1963-04-13,F,USA,Florida,Home,3,Yes,Agency,4,987214.1799999999,246803.54499999998,61,2,2,Lower-Value Property Buyers
C1716,Individual,Michelle,Montgomery,1980-10-13,F,USA,California,Home,1,No,Website,3,1027286.48,342428.82666666666,43,2,2,Lower-Value Property Buyers
C1717,Individual,Martha,Thomas,1941-12-21,F,USA,California,Home,4,Yes,Website,3,915606.0700000001,305202.0233333334,82,2,2,Lower-Value Property Buyers
C1718,Individual,Janet,Peterson,1995-06-01,F,USA,California,Home,1,No,Website,4,1362121.47,340530.3675,29,1,1,Higher-Value Property Buyers
C1719,Company,Halcyon,Co,1960-10-05,M,USA,Florida,Home,2,No,Agency,3,1178759.88,392919.95999999996,63,1,1,Higher-Value Property Buyers
C1720,Individual,Danielle,Kim,1996-10-10,F,USA,California,Home,5,Yes,Website,4,1396671.77,349167.9425,27,1,1,Higher-Value Property Buyers
C1721,Individual,Carl,Weaver,1986-10-12,M,USA,Nevada,Home,2,No,Agency,4,1282729.71,320682.4275,37,2,2,Lower-Value Property Buyers
C1722,Individual,Jacqueline,Morris,1982-11-23,F,USA,Nevada,Home,3,No,Website,4,1676365.72,419091.43,41,1,1,Higher-Value Property Buyers
C1723,Individual,Carol,Allen,1998-02-02,F,Canada,Quebec,Home,2,Yes,Agency,4,1084602.42,271150.605,26,2,2,Lower-Value Property Buyers
C1724,Individual,Justin,Cook,1956-06-19,M,USA,Virginia,Home,4,No,Website,4,1646338.3599999999,411584.58999999997,68,1,1,Higher-Value Property Buyers
C1725,Individual,Sharon,Patterson,1959-12-01,F,USA,Nevada,Home,3,Yes,Website,4,1352500.23,338125.0575,64,1,1,Higher-Value Property Buyers
C1726,Individual,Diane,Scott,1948-08-15,F,UK,Northern Ireland,Home,3,No,Website,3,1141107.24,380369.08,75,2,2,Lower-Value Property Buyers
C1727,Individual,Katherine,Morales,1945-06-12,F,USA,New York,Home,3,No,Website,4,1563834.42,390958.605,79,1,1,Higher-Value Property Buyers
C1728,Individual,Kimberly,Garcia,1944-08-03,F,USA,Oregon,Home,3,Yes,Client,4,1436312.58,359078.145,79,1,1,Higher-Value Property Buyers
C1729,Individual,Robert,Richardson,1955-06-26,M,Canada,British Columbia,Home,3,Yes,Website,3,956356.54,318785.51333333337,69,2,2,Lower-Value Property Buyers
C1730,Individual,Jeffrey,Young,1979-11-22,M,Mexico,Puebla,Investment,5,Yes,Agency,3,796432.48,265477.49333333335,44,2,2,Lower-Value Property Buyers
C1731,Individual,Nathan,Garcia,1971-12-19,M,USA,California,Home,4,Yes,Website,4,1172220.1099999999,293055.02749999997,52,2,2,Lower-Value Property Buyers
C1732,Individual,Megan,Wilson,1970-07-15,F,Canada,Alberta,Investment,2,No,Agency,3,1551003.8399999999,517001.27999999997,53,1,1,Higher-Value Property Buyers
C1733,Individual,Helen,Jones,1948-04-22,F,USA,California,Home,3,Yes,Agency,4,1179975.09,294993.7725,76,2,2,Lower-Value Property Buyers
C1734,Individual,Zachary,Roberts,1975-01-14,M,USA,California,Home,5,No,Website,3,1078504.94,359501.64666666667,49,2,2,Lower-Value Property Buyers
C1735,Individual,Amber,Miller,1969-07-10,F,USA,Utah,Investment,3,No,Website,3,1139995.98,379998.66,54,1,1,Higher-Value Property Buyers
C1736,Individual,Ann,Cook,1989-09-21,F,USA,California,Investment,4,Yes,Website,4,1482243.88,370560.97,34,1,1,Higher-Value Property Buyers
C1737,Individual,Jennifer,Jackson,1992-12-24,F,USA,California,Investment,3,No,Website,3,1060946.57,353648.8566666667,31,2,2,Lower-Value Property Buyers
C1738,Individual,Sharon,Hall,1977-02-25,F,USA,California,Home,5,No,Website,3,861195.69,287065.23,47,2,2,Lower-Value Property Buyers
C1739,Individual,Steven,Smith,1985-02-25,M,Russia,Novosibirsk,Investment,3,Yes,Website,4,998344.48,249586.12,39,2,2,Lower-Value Property Buyers
C1740,Individual,Ashley,Alexander,1951-09-15,F,USA,California,Home,5,Yes,Website,4,1439013.3399999999,359753.33499999996,72,1,1,Higher-Value Property Buyers
C1741,Individual,Alexander,Wright,1976-04-18,M,USA,Virginia,Home,5,No,Website,4,1310713.04,327678.26,48,1,1,Higher-Value Property Buyers
C1742,Company,Crestwood,Co,1988-08-14,F,USA,California,Home,5,No,Agency,3,1177856.21,392618.73666666663,35,1,1,Higher-Value Property Buyers
C1743,Individual,Linda,Bell,1946-07-26,F,Belgium,Flanders,Home,1,No,Client,3,839069.28,279689.76,77,2,2,Lower-Value Property Buyers
C1744,Individual,Brian,Green,1961-11-16,M,Russia,Krasnodar Krai,Investment,1,No,Website,4,1320002.42,330000.605,62,2,2,Lower-Value Property Buyers
C1745,Individual,Ann,Sanders,1976-06-21,F,USA,California,Home,1,No,Website,3,1261495.5,420498.5,48,1,1,Higher-Value Property Buyers
C1746,Individual,Jennifer,Cox,1959-06-14,F,Belgium,Flanders,Home,3,No,Website,3,793835.85,264611.95,65,2,2,Lower-Value Property Buyers
C1747,Individual,Bryan,Flores,1965-02-19,M,USA,Colorado,Home,5,No,Client,3,1016661.44,338887.14666666667,59,2,2,Lower-Value Property Buyers
C1748,Individual,Albert,Jones,1950-11-11,M,USA,California,Home,4,Yes,Website,3,1112272.46,370757.48666666663,73,2,2,Lower-Value Property Buyers
C1749,Individual,Brandon,Moore,1956-05-27,M,USA,California,Home,3,No,Website,3,832665.62,277555.20666666667,68,2,2,Lower-Value Property Buyers
C1750,Company,Stratos,Co,1991-12-01,M,USA,Colorado,Home,3,No,Website,4,1497163.73,374290.9325,32,1,1,Higher-Value Property Buyers
C1751,Individual,Christine,Scott,1955-02-28,F,USA,Ohio,Home,5,No,Website,4,873120.47,218280.1175,70,2,2,Lower-Value Property Buyers
C1752,Individual,Jonathan,Cook,1980-06-02,M,USA,California,Investment,1,Yes,Website,3,1119600.47,373200.1566666667,44,2,2,Lower-Value Property Buyers
C1753,Individual,Arthur,Peterson,1945-12-18,M,USA,Georgia,Investment,3,Yes,Website,3,770077.48,256692.49333333332,78,2,2,Lower-Value Property Buyers
C1754,Individual,Frank,Gray,1995-11-11,M,USA,Virginia,Home,2,Yes,Website,3,1361555.24,453851.74666666664,28,1,1,Higher-Value Property Buyers
C1755,Individual,Mark,Griffin,1998-08-26,M,USA,Nevada,Home,1,Yes,Website,3,672116.9199999999,224038.9733333333,25,2,2,Lower-Value Property Buyers
C1756,Individual,Daniel,Cook,1990-03-21,M,USA,Utah,Home,1,No,Website,4,1481404.3900000001,370351.09750000003,34,1,1,Higher-Value Property Buyers
C1757,Individual,Brian,Hayes,1985-01-07,M,Germany,Bavaria,Home,3,No,Client,3,1125366.62,375122.2066666667,39,1,1,Higher-Value Property Buyers
C1758,Individual,Carl,Pierce,1985-01-14,M,USA,Oregon,Investment,4,Yes,Agency,4,1006481.1799999999,251620.29499999998,39,2,2,Lower-Value Property Buyers
C1759,Individual,Jose,Stone,1974-10-10,M,USA,California,Investment,1,No,Website,4,1031917.22,257979.305,49,2,2,Lower-Value Property Buyers
C1760,Individual,Mary,Harris,1975-07-10,F,Belgium,Brussels,Home,2,No,Website,4,1454358.32,363589.58,48,1,1,Higher-Value Property Buyers
C1761,Individual,Nicholas,Thompson,1955-08-01,M,USA,Washington,Home,1,No,Website,4,1181772.43,295443.1075,68,2,2,Lower-Value Property Buyers
C1762,Individual,Larry,Harris,1964-01-21,M,USA,Virginia,Home,1,No,Website,3,1023352.22,341117.4066666667,60,2,2,Lower-Value Property Buyers
C1763,Individual,Kimberly,Young,1954-11-26,F,USA,New York,Home,3,No,Website,4,1789381.67,447345.4175,69,1,1,Higher-Value Property Buyers
C1764,Individual,Kelly,Baker,1946-05-11,F,USA,Nevada,Home,2,No,Agency,4,1668335.18,417083.795,78,1,1,Higher-Value Property Buyers
C1765,Individual,Pamela,Reyes,1997-01-05,F,USA,Colorado,Home,1,Yes,Client,4,1734167.51,433541.8775,27,1,1,Higher-Value Property Buyers
C1766,Individual,Sharon,Bennett,1993-05-05,F,USA,California,Home,4,No,Website,4,1371247.08,342811.77,31,1,1,Higher-Value Property Buyers
C1767,Individual,Joe,Sanders,1978-05-21,M,USA,Colorado,Home,3,No,Website,4,1455838.9100000001,363959.72750000004,46,1,1,Higher-Value Property Buyers
C1768,Individual,Cynthia,Hughes,1943-01-03,F,Russia,Saint Petersburg,Home,4,No,Website,4,985105.21,246276.3025,81,2,2,Lower-Value Property Buyers
C1769,Company,Forsyte,Co,1985-10-22,M,USA,Oregon,Home,1,Yes,Client,3,985909.0,328636.3333333333,38,2,2,Lower-Value Property Buyers
C1770,Individual,Betty,Parker,1945-11-17,F,USA,Washington,Home,1,Yes,Agency,3,1334771.42,444923.80666666664,78,1,1,Higher-Value Property Buyers
C1771,Company,Atlas,Co,1975-06-22,M,USA,Georgia,Home,3,Yes,Client,3,1280895.97,426965.3233333333,49,1,1,Higher-Value Property Buyers
C1772,Company,Forsyte,Co,1975-01-13,F,Canada,Alberta,Investment,5,Yes,Agency,4,1105281.92,276320.48,49,2,2,Lower-Value Property Buyers
C1773,Individual,Kenneth,Williams,1980-12-25,M,USA,Nevada,Investment,3,Yes,Agency,4,1284141.19,321035.2975,43,2,2,Lower-Value Property Buyers
C1774,Individual,Frank,James,1984-12-26,M,USA,Oregon,Home,4,No,Agency,4,1169335.49,292333.8725,39,2,2,Lower-Value Property Buyers
C1775,Individual,Betty,Howard,1970-07-10,F,USA,California,Home,3,No,Agency,4,1414776.99,353694.2475,53,1,1,Higher-Value Property Buyers
C1776,Individual,Martha,Mitchell,1973-01-09,F,France,Occitanie,Home,1,No,Website,3,1071718.4,357239.4666666666,51,2,2,Lower-Value Property Buyers
C1777,Individual,Jason,Long,1974-09-24,M,USA,California,Investment,5,No,Client,3,784629.95,261543.31666666665,49,2,2,Lower-Value Property Buyers
C1778,Individual,Jeffrey,Cox,1994-09-01,M,USA,Georgia,Investment,4,Yes,Website,3,1216664.8199999998,405554.93999999994,29,1,1,Higher-Value Property Buyers
C1779,Individual,Sharon,Thomas,1979-04-20,F,USA,California,Home,5,No,Client,4,1563236.5499999998,390809.13749999995,45,1,1,Higher-Value Property Buyers
C1780,Individual,Richard,Patterson,1956-05-18,M,USA,Utah,Investment,1,No,Website,4,1735557.1500000001,433889.28750000003,68,1,1,Higher-Value Property Buyers
C1781,Individual,Betty,Thomas,1968-08-10,F,USA,California,Home,4,No,Website,4,1383316.42,345829.105,55,1,1,Higher-Value Property Buyers
C1782,Individual,Ann,King,1999-04-12,F,UK,England,Investment,1,No,Website,4,897646.55,224411.6375,25,2,2,Lower-Value Property Buyers
C1783,Individual,Jacob,Garcia,1954-07-03,M,USA,California,Home,3,No,Website,4,1136482.92,284120.73,70,2,2,Lower-Value Property Buyers
C1784,Individual,Albert,Moore,1998-02-24,M,Australia,Western Australia,Home,3,No,Client,4,1352274.53,338068.6325,26,1,1,Higher-Value Property Buyers
C1785,Individual,Lauren,Allen,1956-02-27,F,USA,Colorado,Home,1,Yes,Website,3,1006568.23,335522.74333333335,68,2,2,Lower-Value Property Buyers
C1786,Individual,Adam,White,1995-07-03,M,USA,California,Home,1,No,Website,4,1247095.22,311773.805,29,2,2,Lower-Value Property Buyers
C1787,Individual,Stephen,Flores,1955-09-22,M,USA,Georgia,Investment,5,No,Agency,4,1289585.42,322396.355,68,2,2,Lower-Value Property Buyers
C1788,Individual,Zachary,James,1989-10-27,M,USA,California,Home,3,No,Website,3,1116876.81,372292.27,34,1,1,Higher-Value Property Buyers
C1789,Individual,Edward,Brooks,1982-07-25,M,USA,Colorado,Home,5,Yes,Agency,3,1359605.1,453201.7,41,1,1,Higher-Value Property Buyers
C1790,Individual,Jacob,Hansen,1940-02-18,M,USA,Nevada,Investment,5,No,Client,4,1335521.08,333880.27,84,1,1,Higher-Value Property Buyers
C1791,Individual,Gerald,Scott,1966-04-26,M,USA,California,Home,5,No,Agency,3,894512.8,298170.93333333335,58,2,2,Lower-Value Property Buyers
C1792,Individual,Terry,Pierce,1995-06-17,M,USA,California,Home,3,No,Agency,4,1948563.24,487140.81,29,1,1,Higher-Value Property Buyers
C1793,Individual,Richard,James,1969-05-04,M,USA,Utah,Investment,1,No,Website,4,1317525.03,329381.2575,55,2,2,Lower-Value Property Buyers
C1794,Individual,Douglas,Chavez,1995-12-25,M,USA,Colorado,Home,3,No,Website,4,1378476.06,344619.015,28,1,1,Higher-Value Property Buyers
C1795,Individual,William,Brown,1945-01-12,M,USA,California,Home,5,Yes,Website,4,1058019.94,264504.985,79,2,2,Lower-Value Property Buyers
C1796,Individual,Betty,Hughes,1950-09-21,F,USA,California,Investment,5,Yes,Client,3,1158919.94,386306.64666666667,73,1,1,Higher-Value Property Buyers
C1797,Individual,Katherine,Howard,1957-02-26,F,USA,Oregon,Home,3,Yes,Website,3,910545.9199999999,303515.30666666664,67,2,2,Lower-Value Property Buyers
C1798,Individual,Bryan,Peterson,1966-10-08,M,USA,Arizona,Investment,1,Yes,Website,4,1601121.79,400280.4475,57,1,1,Higher-Value Property Buyers
C1799,Individual,Cheryl,Freeman,1950-11-01,F,USA,Colorado,Home,5,No,Agency,4,1022792.49,255698.1225,73,2,2,Lower-Value Property Buyers
C1800,Individual,James,Campbell,1944-04-13,M,USA,Oregon,Home,1,No,Client,3,1120963.1,373654.3666666667,80,2,2,Lower-Value Property Buyers
C1801,Individual,Jose,Howard,1964-08-02,M,USA,California,Home,5,Yes,Website,3,1473065.73,491021.91,59,1,1,Higher-Value Property Buyers
C1802,Individual,Jack,Morris,1948-03-26,M,USA,Nevada,Investment,1,No,Client,4,1155979.49,288994.8725,76,2,2,Lower-Value Property Buyers
C1803,Individual,Susan,Bennett,1987-04-14,F,Canada,Quebec,Investment,5,No,Agency,3,1329728.19,443242.73,37,1,1,Higher-Value Property Buyers
C1804,Individual,Albert,Kim,1989-03-03,M,USA,California,Home,1,No,Website,4,1735376.55,433844.1375,35,1,1,Higher-Value Property Buyers
C1805,Individual,Austin,Kim,1953-09-01,M,UK,Northern Ireland,Investment,3,No,Website,4,1871670.17,467917.5425,70,1,1,Higher-Value Property Buyers
C1806,Individual,Martha,Turner,1967-04-13,F,Australia,New South Wales,Investment,2,No,Agency,3,974821.86,324940.62,57,2,2,Lower-Value Property Buyers
C1807,Individual,Angela,Allen,1957-05-02,F,France,Brittany,Home,5,No,Website,3,1520931.78,506977.26,67,1,1,Higher-Value Property Buyers
C1808,Individual,Victoria,Stewart,1990-08-01,F,USA,Washington,Investment,2,No,Client,4,1102931.4500000002,275732.86250000005,33,2,2,Lower-Value Property Buyers
C1809,Individual,Laura,White,1981-03-05,F,USA,New York,Home,4,Yes,Agency,4,1221253.05,305313.2625,43,2,2,Lower-Value Property Buyers
C1810,Individual,Maria,Collins,1945-06-01,F,USA,Texas,Home,3,No,Agency,3,991862.87,330620.95666666667,79,2,2,Lower-Value Property Buyers
C1811,Individual,Stephanie,Williams,1958-02-16,F,USA,California,Home,3,Yes,Agency,4,1189519.9,297379.975,66,2,2,Lower-Value Property Buyers
C1812,Individual,Ryan,White,1977-04-18,M,France,Provence,Home,5,Yes,Website,4,1080880.0,270220.0,47,2,2,Lower-Value Property Buyers
C1813,Individual,Walter,Jordan,1947-02-12,M,Germany,Hamburg,Investment,3,Yes,Website,4,1552316.39,388079.0975,77,1,1,Higher-Value Property Buyers
C1814,Individual,Scott,Roberts,1987-07-04,M,Denmark,North Denmark,Home,2,No,Website,4,1303261.99,325815.4975,36,2,2,Lower-Value Property Buyers
C1815,Individual,Aaron,Carter,1949-03-26,M,USA,California,Home,5,No,Agency,4,1182628.3,295657.075,75,2,2,Lower-Value Property Buyers
C1816,Individual,Sean,Miller,1962-08-04,M,Canada,Quebec,Home,2,No,Website,4,1078876.87,269719.2175,61,2,2,Lower-Value Property Buyers
C1817,Individual,Cynthia,Garcia,1944-07-28,F,USA,Virginia,Home,1,No,Agency,3,1240667.65,413555.8833333333,79,1,1,Higher-Value Property Buyers
C1818,Individual,Christine,Wood,1994-08-17,F,USA,Washington,Investment,5,Yes,Website,3,814797.06,271599.02,29,2,2,Lower-Value Property Buyers
C1819,Individual,William,Brown,1963-11-02,M,Russia,Krasnodar Krai,Home,1,No,Website,3,1067644.33,355881.44333333336,60,2,2,Lower-Value Property Buyers
C1820,Individual,Nicholas,Howard,1979-08-21,M,France,Provence,Home,3,No,Website,4,970434.94,242608.735,44,2,2,Lower-Value Property Buyers
C1821,Individual,Adam,Smith,1944-10-22,M,USA,Nevada,Home,5,No,Website,4,1733692.6199999999,433423.15499999997,79,1,1,Higher-Value Property Buyers
C1822,Individual,Frank,Weaver,1996-02-28,M,USA,Oregon,Investment,5,Yes,Website,4,1388147.75,347036.9375,28,1,1,Higher-Value Property Buyers
C1823,Individual,Jacob,Watson,1967-11-08,M,USA,Oregon,Home,4,Yes,Website,3,993925.86,331308.62,56,2,2,Lower-Value Property Buyers
C1824,Individual,Jeffrey,Weaver,1962-05-09,M,USA,California,Home,3,No,Website,4,945036.97,236259.2425,62,2,2,Lower-Value Property Buyers
C1825,Individual,Eric,Jones,1956-12-28,M,Mexico,Nuevo Leon,Home,2,No,Agency,4,948769.9299999999,237192.48249999998,67,2,2,Lower-Value Property Buyers
C1826,Individual,Jack,Williams,1951-08-06,M,USA,Ohio,Home,4,No,Client,4,1300035.21,325008.8025,72,2,2,Lower-Value Property Buyers
C1827,Individual,Donald,Thompson,1973-02-01,M,USA,New York,Home,5,Yes,Website,4,1221529.77,305382.4425,51,2,2,Lower-Value Property Buyers
C1828,Individual,William,Wood,1991-11-15,M,USA,California,Investment,2,Yes,Website,4,1199213.25,299803.3125,33,2,2,Lower-Value Property Buyers
C1829,Individual,Rachel,Ward,1997-07-17,F,USA,California,Home,5,Yes,Agency,3,1194095.83,398031.94333333336,26,1,1,Higher-Value Property Buyers
C1830,Individual,Virginia,Owens,1959-03-20,F,USA,Arizona,Home,3,No,Website,3,1363309.64,454436.54666666663,65,1,1,Higher-Value Property Buyers
C1831,Individual,Janice,Smith,1950-09-15,F,Russia,Tatarstan,Home,3,No,Website,4,1004720.27,251180.0675,73,2,2,Lower-Value Property Buyers
C1832,Individual,Henry,Garcia,1987-04-21,M,USA,Oregon,Investment,1,Yes,Website,4,1282390.94,320597.735,37,2,2,Lower-Value Property Buyers
C1833,Individual,Jennifer,Weaver,1948-01-17,F,USA,Arizona,Investment,1,Yes,Website,3,1132086.83,377362.2766666667,76,2,2,Lower-Value Property Buyers
C1834,Individual,Zachary,Phillips,1963-03-13,M,Belgium,Flanders,Investment,5,No,Agency,4,1222274.5999999999,305568.64999999997,61,2,2,Lower-Value Property Buyers
C1835,Individual,Nicole,Pierce,1959-10-25,F,Canada,Alberta,Investment,4,Yes,Agency,3,739211.6,246403.86666666667,64,2,2,Lower-Value Property Buyers
C1836,Individual,Judy,Wood,1960-08-10,F,USA,California,Investment,1,Yes,Website,4,1213775.31,303443.8275,63,2,2,Lower-Value Property Buyers
C1837,Individual,Julia,Freeman,1950-06-04,F,USA,California,Home,2,Yes,Client,4,1507583.69,376895.9225,74,1,1,Higher-Value Property Buyers
C1838,Individual,Joyce,Morales,1965-01-14,F,Canada,Alberta,Investment,1,No,Agency,4,1266344.58,316586.145,59,2,2,Lower-Value Property Buyers
C1839,Individual,Kyle,Gray,1943-01-21,M,USA,California,Investment,2,No,Agency,4,967894.54,241973.635,81,2,2,Lower-Value Property Buyers
C1840,Individual,Gerald,Weaver,1986-06-22,M,UK,England,Investment,3,No,Website,3,911506.03,303835.3433333333,38,2,2,Lower-Value Property Buyers
C1841,Individual,Austin,Williams,1947-05-27,M,USA,New York,Home,4,No,Website,4,1612088.13,403022.0325,77,1,1,Higher-Value Property Buyers
C1842,Company,Rexon,Co,1978-08-10,M,Canada,Alberta,Home,3,Yes,Agency,3,1252827.37,417609.12333333335,45,1,1,Higher-Value Property Buyers
C1843,Individual,Jose,Stone,1952-06-18,M,Germany,Hesse,Home,4,No,Website,4,1487849.65,371962.4125,72,1,1,Higher-Value Property Buyers
C1844,Individual,Grace,Howard,1978-07-21,F,USA,Ohio,Home,1,No,Agency,4,1033138.51,258284.6275,45,2,2,Lower-Value Property Buyers
C1845,Individual,Joshua,Green,1949-11-09,M,USA,California,Investment,1,Yes,Website,3,889124.6799999999,296374.8933333333,74,2,2,Lower-Value Property Buyers
C1846,Individual,Sara,Allen,1985-10-26,F,Russia,Novosibirsk,Home,5,Yes,Agency,3,886017.55,295339.18333333335,38,2,2,Lower-Value Property Buyers
C1847,Individual,Brian,Griffin,1952-01-04,M,USA,Utah,Home,4,No,Website,4,1080850.85,270212.7125,72,2,2,Lower-Value Property Buyers
C1848,Individual,Sarah,Davis,1993-07-17,F,USA,California,Home,2,No,Website,4,1595352.82,398838.205,30,1,1,Higher-Value Property Buyers
C1849,Individual,Joseph,Wilson,1976-02-09,M,Canada,Alberta,Investment,3,Yes,Website,3,1019239.08,339746.36,48,2,2,Lower-Value Property Buyers
C1850,Individual,Gregory,Miller,1971-07-25,M,USA,New York,Investment,5,Yes,Agency,4,1380990.75,345247.6875,52,1,1,Higher-Value Property Buyers
C1851,Individual,Kimberly,Miller,1954-08-06,F,UK,England,Home,3,Yes,Agency,4,1552543.97,388135.9925,69,1,1,Higher-Value Property Buyers
C1852,Individual,Julie,Hall,1997-12-15,F,USA,Virginia,Home,4,No,Website,3,1674072.07,558024.0233333333,26,1,1,Higher-Value Property Buyers
C1853,Individual,Jennifer,Owens,1949-02-24,F,USA,Virginia,Investment,4,No,Website,4,1207329.15,301832.2875,75,2,2,Lower-Value Property Buyers
C1854,Company,Rexon,Co,1960-03-23,M,France,Ile-de-France,Investment,1,No,Client,4,1387997.02,346999.255,64,1,1,Higher-Value Property Buyers
C1855,Individual,Gloria,Hansen,1984-07-02,F,USA,California,Home,2,Yes,Website,4,1117305.8599999999,279326.46499999997,40,2,2,Lower-Value Property Buyers
C1856,Company,Altira,Co,1994-05-24,M,USA,Virginia,Home,2,No,Website,3,1216231.4300000002,405410.47666666674,30,1,1,Higher-Value Property Buyers
C1857,Individual,Walter,Johnson,1987-03-22,M,USA,California,Investment,2,Yes,Website,3,919814.94,306604.98,37,2,2,Lower-Value Property Buyers
C1858,Individual,Amy,Hayes,1958-05-06,F,USA,Colorado,Home,5,No,Website,3,1161958.29,387319.43,66,1,1,Higher-Value Property Buyers
C1859,Individual,Zachary,Taylor,1943-11-18,M,USA,California,Home,5,Yes,Client,4,1087561.59,271890.3975,80,2,2,Lower-Value Property Buyers
C1860,Company,Caldera,Co,1970-07-17,F,USA,California,Home,4,Yes,Agency,4,1661197.49,415299.3725,53,1,1,Higher-Value Property Buyers
C1861,Individual,Nathan,Evans,1982-08-01,M,USA,California,Investment,3,Yes,Website,4,1475178.95,368794.7375,41,1,1,Higher-Value Property Buyers
C1862,Individual,Joshua,Long,1953-08-22,M,USA,California,Home,1,Yes,Website,3,988771.17,329590.39,70,2,2,Lower-Value Property Buyers
C1863,Individual,Megan,Hansen,1948-04-03,F,UK,Scotland,Home,3,No,Website,4,1281313.02,320328.255,76,2,2,Lower-Value Property Buyers
C1864,Individual,Hannah,Weaver,1972-04-25,F,USA,New York,Home,5,Yes,Website,4,1131730.6,282932.65,52,2,2,Lower-Value Property Buyers
C1865,Individual,Sean,Rogers,1974-11-01,M,USA,Arizona,Investment,4,No,Website,3,1092253.24,364084.41333333333,49,2,2,Lower-Value Property Buyers
C1866,Individual,Joyce,Martin,1971-08-23,F,USA,Nevada,Home,2,No,Agency,4,1620195.43,405048.8575,52,1,1,Higher-Value Property Buyers
C1867,Individual,Robert,Richardson,1952-01-13,M,USA,California,Home,2,Yes,Website,3,761781.8,253927.2666666667,72,2,2,Lower-Value Property Buyers
C1868,Individual,Michelle,Thomas,1975-11-28,F,UK,Wales,Home,1,No,Website,4,1469394.43,367348.6075,48,1,1,Higher-Value Property Buyers
C1869,Individual,Margaret,Campbell,1975-05-10,F,Mexico,Nuevo Leon,Home,5,No,Client,4,1335399.36,333849.84,49,1,1,Higher-Value Property Buyers
C1870,Individual,Lawrence,Moore,1980-10-13,M,USA,Washington,Investment,1,No,Agency,3,680865.94,226955.31333333332,43,2,2,Lower-Value Property Buyers
C1871,Individual,Amy,Reyes,1961-10-18,F,USA,Texas,Home,1,Yes,Website,4,1096466.77,274116.6925,62,2,2,Lower-Value Property Buyers
C1872,Individual,Raymond,Jones,1940-10-23,M,Mexico,Mexico City,Home,5,No,Client,3,1284121.27,428040.42333333334,83,1,1,Higher-Value Property Buyers
C1873,Individual,Cheryl,Collins,1959-10-03,F,Canada,British Columbia,Home,5,No,Agency,4,841611.53,210402.8825,64,2,2,Lower-Value Property Buyers
C1874,Individual,Justin,Cooper,1972-11-18,M,USA,Colorado,Investment,1,No,Agency,3,1058361.99,352787.33,51,2,2,Lower-Value Property Buyers
C1875,Individual,Melissa,Roberts,1943-09-13,F,USA,Nevada,Home,2,No,Client,3,1220153.8599999999,406717.9533333333,80,1,1,Higher-Value Property Buyers
C1876,Company,Bravada,Co,1981-03-17,M,USA,Ohio,Investment,4,Yes,Website,3,1543986.34,514662.11333333334,43,1,1,Higher-Value Property Buyers
C1877,Individual,Walter,Bryant,1961-09-16,M,USA,Arizona,Home,5,No,Agency,3,905899.79,301966.5966666667,62,2,2,Lower-Value Property Buyers
C1878,Individual,Paul,Rogers,1967-07-10,M,USA,Washington,Home,5,No,Agency,3,958603.36,319534.4533333333,56,2,2,Lower-Value Property Buyers
C1879,Individual,Deborah,Roberts,1977-01-23,F,USA,New York,Home,3,No,Website,3,1536294.68,512098.2266666666,47,1,1,Higher-Value Property Buyers
C1880,Individual,Joan,Morales,1998-01-22,F,USA,California,Home,5,Yes,Client,4,1319939.53,329984.8825,26,1,1,Higher-Value Property Buyers
C1881,Individual,Brenda,Phillips,1989-09-13,F,USA,Oregon,Home,2,Yes,Website,3,972731.0900000001,324243.6966666667,34,2,2,Lower-Value Property Buyers
C1882,Individual,Deborah,Turner,1960-03-22,F,USA,Virginia,Investment,3,No,Website,3,884144.1,294714.7,64,2,2,Lower-Value Property Buyers
C1883,Individual,Sean,Peterson,1941-11-02,M,USA,California,Home,1,No,Agency,4,1877399.3199999998,469349.82999999996,82,1,1,Higher-Value Property Buyers
C1884,Individual,Terry,Bell,1954-06-08,M,USA,Nevada,Home,5,Yes,Website,3,930994.2100000001,310331.4033333334,70,2,2,Lower-Value Property Buyers
C1885,Individual,Ryan,Bell,1967-10-26,M,Germany,Hamburg,Home,1,Yes,Agency,4,1740983.97,435245.9925,56,1,1,Higher-Value Property Buyers
C1886,Individual,Maria,Richardson,1999-11-16,F,USA,California,Home,5,No,Website,3,774293.9299999999,258097.97666666665,24,2,2,Lower-Value Property Buyers
C1887,Individual,Emma,Campbell,1986-07-01,F,USA,Oregon,Investment,1,No,Agency,3,822999.76,274333.25333333336,38,2,2,Lower-Value Property Buyers
C1888,Individual,Donald,Griffin,1962-06-08,M,USA,California,Home,3,No,Website,4,981962.01,245490.5025,62,2,2,Lower-Value Property Buyers
C1889,Individual,Matthew,Richardson,1987-10-07,M,USA,California,Home,4,Yes,Website,3,1193609.3,397869.76666666666,36,1,1,Higher-Value Property Buyers
C1890,Individual,Mark,Nelson,1954-12-03,M,Canada,Ontario,Home,4,No,Client,4,1209659.27,302414.8175,69,2,2,Lower-Value Property Buyers
C1891,Individual,Gary,James,1972-02-06,M,USA,Oregon,Home,2,No,Agency,4,1466482.7999999998,366620.69999999995,52,1,1,Higher-Value Property Buyers
C1892,Individual,Nancy,Jones,1951-06-06,F,USA,Nevada,Investment,5,Yes,Agency,3,978638.94,326212.98,73,2,2,Lower-Value Property Buyers
C1893,Individual,Ann,Davis,1962-12-27,F,USA,Washington,Home,1,Yes,Website,4,1458732.84,364683.21,62,1,1,Higher-Value Property Buyers
C1894,Individual,Joyce,Hall,1944-11-03,F,USA,Texas,Investment,4,No,Website,4,1284918.37,321229.5925,79,2,2,Lower-Value Property Buyers
C1895,Company,Caldera,Co,1969-07-01,M,USA,Nevada,Investment,4,No,Agency,3,1170571.86,390190.62000000005,55,1,1,Higher-Value Property Buyers
C1896,Individual,Andrew,Bryant,1955-06-17,M,USA,Virginia,Investment,3,No,Agency,3,1158311.0,386103.6666666667,69,1,1,Higher-Value Property Buyers
C1897,Individual,Catherine,Rogers,1950-12-27,F,Canada,Ontario,Home,2,No,Website,4,1108918.3399999999,277229.58499999996,73,2,2,Lower-Value Property Buyers
C1898,Individual,Daniel,James,1979-05-01,M,USA,New York,Home,1,Yes,Website,4,1159717.54,289929.385,45,2,2,Lower-Value Property Buyers
C1899,Individual,Joe,Mitchell,1996-05-04,M,UK,England,Home,3,No,Website,3,1001627.28,333875.76,28,2,2,Lower-Value Property Buyers
C1900,Individual,Rachel,Griffin,1998-07-09,F,UK,England,Investment,4,No,Client,4,1185889.79,296472.4475,25,2,2,Lower-Value Property Buyers
C1901,Individual,Justin,Stewart,1982-09-17,M,Canada,British Columbia,Home,4,No,Agency,4,1357680.7,339420.175,41,1,1,Higher-Value Property Buyers
C1902,Company,Grandis,Co,1980-09-11,M,USA,Colorado,Investment,2,No,Agency,4,1127600.93,281900.2325,43,2,2,Lower-Value Property Buyers
C1903,Individual,Nicole,Bennett,1991-01-12,F,USA,Nevada,Home,2,No,Website,4,1453139.0699999998,363284.76749999996,33,1,1,Higher-Value Property Buyers
C1904,Individual,Christian,Nelson,1949-03-23,M,USA,Texas,Home,2,Yes,Website,4,1337265.67,334316.4175,75,2,2,Lower-Value Property Buyers
C1905,Individual,James,Morris,1961-02-02,M,USA,Virginia,Home,1,No,Website,3,1180529.35,393509.7833333334,63,1,1,Higher-Value Property Buyers
C1906,Individual,Michelle,Adams,1955-09-15,F,USA,California,Home,2,No,Agency,4,1487182.67,371795.6675,68,1,1,Higher-Value Property Buyers
C1907,Individual,Kyle,Wright,1950-12-03,M,USA,Colorado,Home,3,No,Website,4,1751481.1500000001,437870.28750000003,73,1,1,Higher-Value Property Buyers
C1908,Individual,Andrea,Moore,1976-03-28,F,USA,California,Home,2,No,Website,4,1543714.5,385928.625,48,1,1,Higher-Value Property Buyers
C1909,Individual,Heather,Pierce,1985-04-12,F,USA,California,Investment,2,No,Agency,3,1238663.76,412887.92,39,1,1,Higher-Value Property Buyers
C1910,Company,Telnox,Co,1985-04-10,M,USA,California,Home,2,Yes,Agency,4,816793.9099999999,204198.47749999998,39,2,2,Lower-Value Property Buyers
C1911,Individual,Noah,Murray,1989-11-01,M,USA,California,Home,5,No,Agency,3,1195691.95,398563.98333333334,34,1,1,Higher-Value Property Buyers
C1912,Individual,Amanda,Jackson,1954-07-26,F,USA,Utah,Investment,1,No,Website,3,863871.21,287957.07,69,2,2,Lower-Value Property Buyers
C1913,Individual,Gary,King,1980-12-11,M,France,Provence,Home,5,No,Website,4,1210353.53,302588.3825,43,2,2,Lower-Value Property Buyers
C1914,Individual,Brenda,Gray,1993-08-24,F,UK,Scotland,Home,4,Yes,Website,3,1553786.78,517928.9266666667,30,1,1,Higher-Value Property Buyers
C1915,Individual,Angela,Williams,1964-09-06,F,USA,Arizona,Investment,4,No,Client,3,1015184.58,338394.86,60,2,2,Lower-Value Property Buyers
C1916,Individual,Zachary,Weaver,1948-10-15,M,USA,California,Investment,2,No,Website,3,1257058.52,419019.50666666665,75,1,1,Higher-Value Property Buyers
C1917,Individual,Angela,Montgomery,1971-09-16,F,Australia,New South Wales,Home,2,No,Client,4,1007433.23,251858.3075,52,2,2,Lower-Value Property Buyers
C1918,Individual,Dorothy,Murray,1940-09-17,F,USA,California,Home,1,No,Client,4,1019401.51,254850.3775,83,2,2,Lower-Value Property Buyers
C1919,Company,Vantage,Co,1968-01-19,F,USA,Nevada,Investment,1,No,Website,4,1083015.76,270753.94,56,2,2,Lower-Value Property Buyers
C1920,Individual,Jonathan,Pierce,1969-10-26,M,Germany,North Rhine-Westphalia,Home,5,No,Agency,4,1523588.92,380897.23,54,1,1,Higher-Value Property Buyers
C1921,Individual,Carolyn,Adams,1956-12-24,F,France,Provence,Home,5,No,Website,3,980793.6799999999,326931.2266666666,67,2,2,Lower-Value Property Buyers
C1922,Individual,Jessica,Garcia,1988-09-01,F,USA,California,Home,1,No,Agency,3,1549836.17,516612.05666666664,35,1,1,Higher-Value Property Buyers
C1923,Individual,Sarah,Cooper,1947-07-03,F,Mexico,Jalisco,Investment,1,Yes,Client,4,1302917.16,325729.29,77,2,2,Lower-Value Property Buyers
C1924,Individual,Joe,Cooper,1958-03-01,M,USA,California,Home,3,No,Client,4,1453954.37,363488.5925,66,1,1,Higher-Value Property Buyers
C1925,Individual,Jordan,Baker,1942-01-19,M,USA,Colorado,Home,2,No,Agency,4,1165252.94,291313.235,82,2,2,Lower-Value Property Buyers
C1926,Individual,Joshua,Watson,1997-05-11,M,Mexico,Puebla,Home,1,Yes,Website,4,1238034.03,309508.5075,27,2,2,Lower-Value Property Buyers
C1927,Individual,Victoria,Long,1952-05-11,F,USA,California,Investment,1,Yes,Website,4,1325474.94,331368.735,72,2,2,Lower-Value Property Buyers
C1928,Individual,Paul,Scott,1998-02-20,M,Australia,New South Wales,Home,4,Yes,Client,3,741930.22,247310.07333333333,26,2,2,Lower-Value Property Buyers
C1929,Individual,Angela,Baker,1941-10-24,F,Mexico,Jalisco,Home,1,Yes,Agency,4,1329874.96,332468.74,82,2,2,Lower-Value Property Buyers
C1930,Individual,Rachel,Adams,1966-01-22,F,USA,Colorado,Investment,3,No,Agency,4,1184992.23,296248.0575,58,2,2,Lower-Value Property Buyers
C1931,Individual,Melissa,Jackson,1995-01-05,F,USA,Utah,Home,5,Yes,Website,4,1323884.1099999999,330971.02749999997,29,1,1,Higher-Value Property Buyers
C1932,Individual,Dorothy,Allen,1962-05-13,F,USA,California,Investment,2,No,Website,4,1713149.19,428287.2975,62,1,1,Higher-Value Property Buyers
C1933,Company,Oasis,Co,1994-05-04,F,Australia,Queensland,Home,1,No,Client,3,822428.05,274142.68333333335,30,2,2,Lower-Value Property Buyers
C1934,Individual,Noah,Montgomery,1978-03-25,M,France,Ile-de-France,Investment,4,Yes,Client,4,1719384.46,429846.115,46,1,1,Higher-Value Property Buyers
C1935,Individual,Ashley,Young,1983-04-14,F,USA,Arizona,Home,5,No,Website,3,1205890.37,401963.4566666667,41,1,1,Higher-Value Property Buyers
C1936,Individual,Jeffrey,Brown,1984-02-24,M,Russia,Krasnodar Krai,Home,1,Yes,Agency,3,965899.1000000001,321966.3666666667,40,2,2,Lower-Value Property Buyers
C1937,Individual,Ashley,Richardson,1961-03-16,F,USA,Arizona,Home,3,Yes,Website,4,1707838.06,426959.515,63,1,1,Higher-Value Property Buyers
C1938,Individual,Peter,Anderson,1973-07-28,M,Canada,Quebec,Home,4,Yes,Website,3,1154671.2,384890.39999999997,51,1,1,Higher-Value Property Buyers
C1939,Individual,Gloria,White,1979-09-06,F,USA,Florida,Investment,1,Yes,Agency,3,674304.95,224768.31666666665,44,2,2,Lower-Value Property Buyers
C1940,Individual,Barbara,Turner,1997-01-02,F,Canada,Manitoba,Home,4,No,Agency,4,1403901.1400000001,350975.28500000003,27,1,1,Higher-Value Property Buyers
C1941,Individual,Maria,James,1943-05-20,F,USA,Nevada,Home,5,No,Client,4,1368615.25,342153.8125,81,1,1,Higher-Value Property Buyers
C1942,Company,Stratos,Co,1984-10-11,F,USA,Nevada,Home,2,Yes,Agency,3,1133984.52,377994.84,39,2,2,Lower-Value Property Buyers
C1943,Individual,Eric,Long,1973-04-01,M,USA,Arizona,Home,1,No,Website,3,967521.23,322507.07666666666,51,2,2,Lower-Value Property Buyers
C1944,Individual,Henry,Pierce,1986-02-15,M,USA,California,Investment,1,No,Website,4,1971083.9300000002,492770.98250000004,38,1,1,Higher-Value Property Buyers
C1945,Individual,Sean,Johnson,1967-02-26,M,Mexico,Mexico City,Investment,3,No,Website,4,1112541.88,278135.47,57,2,2,Lower-Value Property Buyers
C1946,Individual,Mark,Bell,1955-01-15,M,USA,California,Home,1,No,Agency,3,1056227.37,352075.79000000004,69,2,2,Lower-Value Property Buyers
C1947,Individual,Walter,Mitchell,1979-02-02,M,USA,Nevada,Home,3,No,Website,3,1247905.56,415968.52,45,1,1,Higher-Value Property Buyers
C1948,Individual,Melissa,Harris,1955-01-04,F,USA,Arizona,Home,2,No,Agency,3,1530233.0,510077.6666666667,69,1,1,Higher-Value Property Buyers
C1949,Individual,Christina,James,1955-07-20,F,USA,Colorado,Home,2,Yes,Agency,3,1020270.72,340090.24,68,2,2,Lower-Value Property Buyers
C1950,Individual,Edward,Weaver,1975-03-27,M,USA,Ohio,Home,4,No,Agency,4,1033306.43,258326.6075,49,2,2,Lower-Value Property Buyers
C1951,Individual,Alexander,Murray,1996-08-09,M,USA,Utah,Home,1,Yes,Website,4,1128864.17,282216.0425,27,2,2,Lower-Value Property Buyers
C1952,Company,Optima,Co,1992-06-05,M,USA,Nevada,Home,3,No,Agency,3,1235262.65,411754.2166666666,32,1,1,Higher-Value Property Buyers
C1953,Individual,Donald,Miller,1972-10-16,M,Germany,Bavaria,Home,1,Yes,Website,4,1199064.43,299766.1075,51,2,2,Lower-Value Property Buyers
C1954,Individual,Judy,Roberts,1966-03-09,F,Australia,Western Australia,Investment,3,No,Website,3,809731.0700000001,269910.3566666667,58,2,2,Lower-Value Property Buyers
C1955,Individual,Benjamin,Wright,1998-05-20,M,Canada,Quebec,Home,1,No,Website,4,1707150.06,426787.515,26,1,1,Higher-Value Property Buyers
C1956,Individual,Julie,Weaver,1967-08-21,F,USA,Oregon,Home,2,No,Agency,4,1224023.79,306005.9475,56,2,2,Lower-Value Property Buyers
C1957,Individual,Adam,Howard,1962-09-24,M,USA,California,Home,4,Yes,Website,4,1318838.26,329709.565,61,1,1,Higher-Value Property Buyers
C1958,Individual,Susan,Foster,1970-09-10,F,USA,California,Home,3,No,Website,4,1567012.19,391753.0475,53,1,1,Higher-Value Property Buyers
C1959,Individual,Judy,Morales,1942-02-20,F,USA,Texas,Home,1,No,Website,3,626084.02,208694.67333333334,82,2,2,Lower-Value Property Buyers
C1960,Individual,Dorothy,Brown,1987-02-08,F,USA,Colorado,Home,2,Yes,Website,3,1196488.96,398829.6533333333,37,1,1,Higher-Value Property Buyers
C1961,Individual,William,Campbell,1994-09-26,M,USA,California,Home,5,No,Agency,4,1289265.38,322316.345,29,1,1,Higher-Value Property Buyers
C1962,Individual,Kimberly,Harris,1995-01-08,F,Mexico,Puebla,Home,5,No,Agency,3,971475.24,323825.08,29,2,2,Lower-Value Property Buyers
C1963,Company,Terova,Co,1968-01-03,M,USA,Texas,Home,5,No,Website,3,983925.13,327975.04333333333,56,2,2,Lower-Value Property Buyers
C1964,Individual,Kevin,Martin,1972-06-17,M,USA,Virginia,Home,5,No,Agency,3,1149434.67,383144.88999999996,52,1,1,Higher-Value Property Buyers
C1965,Individual,Sean,Wright,1997-09-01,M,USA,California,Home,4,No,Agency,3,1489053.39,496351.12999999995,26,1,1,Higher-Value Property Buyers
C1966,Individual,Ronald,Howard,1964-10-02,M,Canada,British Columbia,Home,1,No,Agency,4,1210176.2,302544.05,59,2,2,Lower-Value Property Buyers
C1967,Individual,Roger,Bryant,1957-09-10,M,USA,Oregon,Investment,4,No,Agency,3,747143.37,249047.79,66,2,2,Lower-Value Property Buyers
C1968,Individual,Judy,Griffin,1958-02-11,F,USA,California,Investment,3,Yes,Client,3,987718.99,329239.66333333333,66,2,2,Lower-Value Property Buyers
C1969,Individual,Jesse,James,1993-06-14,M,USA,Colorado,Investment,2,Yes,Agency,4,1030940.4299999999,257735.10749999998,31,2,2,Lower-Value Property Buyers
C1970,Individual,Raymond,Howard,1978-02-25,M,USA,Arizona,Investment,4,Yes,Website,3,1346312.7000000002,448770.9000000001,47,1,1,Higher-Value Property Buyers
C1971,Individual,Emma,Jordan,1976-07-18,F,USA,Virginia,Home,5,No,Website,3,673422.3200000001,224474.1066666667,47,2,2,Lower-Value Property Buyers
C1972,Individual,Carol,Wilson,1972-05-01,F,USA,California,Home,4,Yes,Website,3,943260.84,314420.27999999997,52,2,2,Lower-Value Property Buyers
C1973,Company,Oasis,Co,1993-09-13,M,USA,Washington,Home,4,Yes,Agency,4,1450499.68,362624.92,30,1,1,Higher-Value Property Buyers
C1974,Individual,Keith,Peterson,1950-09-04,M,USA,Nevada,Home,5,Yes,Agency,4,968686.8500000001,242171.71250000002,73,2,2,Lower-Value Property Buyers
C1975,Individual,Dorothy,Campbell,1975-05-08,F,Belgium,Wallonia,Home,4,No,Agency,3,985031.21,328343.73666666663,49,2,2,Lower-Value Property Buyers
C1976,Individual,Albert,Wilson,1995-03-05,M,USA,Florida,Home,5,No,Client,4,1146120.65,286530.1625,29,2,2,Lower-Value Property Buyers
C1977,Individual,Jason,Bennett,1994-07-04,M,USA,Virginia,Home,1,No,Website,4,2001430.4300000002,500357.60750000004,29,1,1,Higher-Value Property Buyers
C1978,Company,Summit,Co,1967-06-02,F,USA,California,Investment,5,Yes,Website,3,1205900.67,401966.88999999996,57,1,1,Higher-Value Property Buyers
C1979,Individual,Brian,Richardson,1942-05-25,M,USA,Colorado,Home,3,Yes,Agency,4,1287568.79,321892.1975,82,2,2,Lower-Value Property Buyers
C1980,Individual,Barbara,Green,1956-09-05,F,USA,Texas,Investment,4,No,Website,4,1579565.09,394891.2725,67,1,1,Higher-Value Property Buyers
C1981,Individual,Sarah,Flores,1992-09-12,F,Canada,Quebec,Home,5,No,Agency,4,1440160.68,360040.17,31,1,1,Higher-Value Property Buyers
C1982,Individual,Jose,Long,1947-05-09,M,USA,California,Home,4,Yes,Website,3,1545398.56,515132.85333333333,77,1,1,Higher-Value Property Buyers
C1983,Individual,Ryan,Reed,1961-03-13,M,UK,Northern Ireland,Home,3,No,Website,4,1317304.52,329326.13,63,2,2,Lower-Value Property Buyers
C1984,Individual,Jesse,Watson,1956-10-18,M,USA,California,Home,4,No,Website,3,846287.21,282095.73666666663,67,2,2,Lower-Value Property Buyers
C1985,Individual,Gregory,Bell,1963-11-05,M,UK,Scotland,Home,1,Yes,Agency,4,1149379.8599999999,287344.96499999997,60,2,2,Lower-Value Property Buyers
C1986,Individual,Thomas,Griffin,1977-04-23,M,USA,New York,Investment,1,No,Website,4,1442798.93,360699.7325,47,1,1,Higher-Value Property Buyers
C1987,Individual,Douglas,Davis,1986-10-18,M,Belgium,Wallonia,Investment,5,No,Website,4,1316082.96,329020.74,37,1,1,Higher-Value Property Buyers
C1988,Individual,Henry,Thompson,1994-09-19,M,USA,California,Home,5,Yes,Website,4,1301018.95,325254.7375,29,1,1,Higher-Value Property Buyers
C1989,Individual,William,Montgomery,1959-11-19,M,USA,Texas,Home,3,No,Agency,4,1380788.8599999999,345197.21499999997,64,1,1,Higher-Value Property Buyers
C1990,Individual,Scott,Howard,1976-11-28,M,USA,Texas,Investment,5,No,Agency,3,1253745.81,417915.27,47,1,1,Higher-Value Property Buyers
C1991,Individual,Susan,Reed,1950-09-07,F,USA,California,Home,3,No,Website,4,1134341.88,283585.47,73,2,2,Lower-Value Property Buyers
C1992,Individual,Rachel,Hansen,1943-01-19,F,USA,Texas,Home,3,Yes,Website,3,1266058.76,422019.58666666667,81,1,1,Higher-Value Property Buyers
C1993,Individual,Douglas,Thompson,1985-09-06,M,USA,New York,Home,2,No,Website,3,1385369.38,461789.7933333333,39,1,1,Higher-Value Property Buyers
C1994,Individual,Nicole,Miller,1994-07-21,F,USA,Oregon,Investment,3,Yes,Website,3,1257875.21,419291.73666666663,29,1,1,Higher-Value Property Buyers
C1995,Individual,Michelle,Scott,1993-05-03,F,USA,California,Investment,4,No,Agency,4,1044043.64,261010.91,31,2,2,Lower-Value Property Buyers
C1996,Individual,Samantha,Brooks,1992-06-20,F,USA,Nevada,Home,1,Yes,Website,4,1151831.48,287957.87,32,2,2,Lower-Value Property Buyers
C1997,Individual,Matthew,Cox,1942-09-27,M,USA,Arizona,Home,4,Yes,Website,4,1101825.4,275456.35,81,2,2,Lower-Value Property Buyers
C1998,Individual,Mark,Patterson,1963-09-13,M,USA,Virginia,Home,5,Yes,Website,3,1023688.56,341229.52,60,2,2,Lower-Value Property Buyers
C1999,Individual,Lawrence,Montgomery,1944-06-15,M,USA,Ohio,Home,4,Yes,Client,3,838587.38,279529.12666666665,80,2,2,Lower-Value Property Buyers
C2000,Individual,Amanda,James,1996-03-24,F,USA,Georgia,Home,1,Yes,Agency,3,913528.5,304509.5,28,2,2,Lower-Value Property Buyers
